"","Protein.accession","Proteoform"
"381","sp|P80432|COX7C_RAT","R.SHYEEGPGKNLPFSVENKWRLLLMMTVYFGSGFAAPFFIVRHQLLKK."
"1016","sp|P20788|UCRI_RAT",".(M)[Acetyl]LSVAARSGPFAPVLSATSRGVAGALRPLLQSAVPATSEP(PVLDV)[271.0632]KRPFLCRESLSGQAATRPLVATVGLNVPASVR.Y"
"1018","sp|P20788|UCRI_RAT",".(M)[Acetyl]LSVAARSGPFAPVLSATSRGVAGALRPLLQSAVPATSE(PPVLDVKRPFLCRESLSGQAAT)[108.0011]RPLVATVGLNVPASVRY.S"
"1503","sp|P62804|H4_RAT","M.(S)[Acetyl]GRGKGGKGLGKGGAKRHRKVLRDNIQGITKPAIRR(LAR)[28.0254]RGGVKRISGLIYEETRGVLKVFLENVIRDAVTYTEHAKRKTVTAMDVVYALKRQGRTLYGFGG."
"1504","sp|P62804|H4_RAT",".(M)[Acetyl]SGRGKGGKGLGKGGAKRHRKVLRDNIQGITKPAIRRLARRGGVK(RISGLIYE)[-103.0040]ETRGVLKVFLENVIRDAVTYTEHAKRKTVTAMDVVYALKRQGRTLYGFGG."
"1513","sp|P62804|H4_RAT",".(M)[Acetyl]SGRG(KGGKGLGKGGAK)[-61.0049]RHRKVLRDNIQGITKPAIRRLARRGGVKRISGLIYEETRGVLKVFLENVIRDAVTYTEHAKRKTVTAMDVVYALKRQGRTLYGFGG[1.00727647]."
"1515","sp|P62804|H4_RAT",".M(SGRGKG)[-18.9872]GKGLGKGGAKRHRKVLRDNIQGITKPAIRRLARRGGVKRISGLIYEETRGVLKVFLENVIRDAVTYTEHAKRKTVTAMDVVYALKRQGRTLYGFGG."
"1516","sp|P62804|H4_RAT","M.(S)[Acetyl]GRGKGGKGLGKGGAKRHRKVLRDNIQGITKPAIRRLARRGGVKRISGLIYEETRGVLKVFLENVIRDAVTYTEHAKRKTVTA(M)[72.0513]DVVYALKRQGRTLYGFGG."
"1778","sp|P0C170|H2A1E_RAT","M.(S)[Acetyl]GRGKQGGKARAKAKTRSSRAGLQFPVGRVHRLLRKGNYAERVGAGAPVYLAAVLEYLTAEILELAGNAARDNKKTRIIPRHLQLAIRNDEELNKLLGRVTIAQGGVLPNIQAVLLPKKTESHHKAKGK."
