Proteoform,Protein
FPGQLNADLR,G3V7C6
LAVNMVPFPR,G3V7C6
AILVDLEPGTMDSVR,P69897
ALTVPELTQQMFDSK,P85108
IMNTFSVVPSPK,G3V7C6
ISEQFTAMFR,G3V7C6
IMNTFSVMPSPK,P85108
AVLVDLEPGTMDSVR,G3V7C6
VGINYQPPTVVPGGDLAK,Q6P9V9
QLFHPEQLITGK,Q6P9V9
VNPTVFFDITADGEPLGR,P10111
FSNEEIAMATVTALR,P05065
SYELPDGQVITIGNER,A0A0G2K3K2
VVDLMAYMASKE,M0R590
EVDEQMLNVQNK,G3V7C6
TGTAEMSSILEER,P15999
DSTLIMQLLR,P62260
FWEVISDEHGIDPTGSYHGDSDLQLER,P85108
LHFFMPGFAPLTSR,G3V7C6
NVQAEEMVEFSSGLK,P15999
GHYTEGAELVDSVLDVVR,G3V7C6
VIHDNFGIVEGLMTTVHAITATQK,M0R590
GVIDMGNSLIER,A0A0G2JZ69
NSLESYAFNMK,P63018
QADVPAAVTDAAATTPAAEDAAK,P07936
VAPEEHPVLLTEAPLNPK,A0A0G2K3K2
AFVHWYVGEGMEEGEFSEAR,Q6P9V9
ALTVPELTQQMFDAK,G3V7C6
ILGADTSVDLEETGR,P15999
NQVAMNPTNTVFDAK,P63018
TVLIMELINNVAK,G3V6D3
LATPTYGDLNHLVSATMSGVTTSLR,Q4QRB4
LQLWDTAGQER,A0A0G2JT78
NMVPQQALVIR,P06687
IDDPTDSKPEDWDKPEHIPDPDAK,P18418
VLSIGDGIAR,P15999
VVDALGNAIDGK,P15999
GIQEEMEALVK,P47942
MDDREDLVYQAK,P62260
QAADMILLDDNFASIVTGVEEGR,P06687
TTGIVMDSGDGVTHTVPIYEGYALPHAILR,A0A0G2K3K2
AAQPPTETAESSQAEEEKEAVDEAKPK,P07936
AEEAGIGDTPNMEDQAAGHVTQAR,D3ZKD9
KEDIAINGEVEGKEEEEQETQEK,P12839
LHFFMPGFAPLTAR,Q4QRB4
NLPLPPPPPPR,Q5D059
RAFVHWYVGEGMEEGEFSEAR,Q6P9V9
TIAMDGTEGLVR,G3V6D3
MAVTFIGNSTAIQELFK,P69897
NLDIERPTYTNLNR,Q6P9V9
SEPQESEAKPAPTEVK,A0A0G2K0M8
TVTAMDVVYALK,P62804
EDAANNYAR,Q6P9V9
ESEPQAAADATEVK,Q05175
QGAIVAVTGDGVNDSPALK,P06687
TVTNAVVTVPAYFNDSQR,P63018
VIISAPSADAPMFVMGVNHEK,M0R590
FIQYLASR,A0A0G2K0B6
FPGQLNADLRK,G3V7C6
IDIIPNPQER,P34058
IEEGMDQINK,P60881
IHFPLATYAPVISAEK,Q6P9V9
IMNVIGEPIDER,G3V6D3
LDETGNLMISEGHFASETIR,A0A0G2JZ69
MALDIEIAAYR,P12839
QFGIVTIGEEK,Q812E9
YIEIYVQK,F1M779
AVFVDLEPTVIDEIR,Q5XIF6
IVLEDGTLHVTEGSGR,P47942
TIGGGDDSFNTFFSETGAGK,Q6P9V9
TLVMLDEQGEQLER,P60881
TVPNEATQTK,A0A0G2K0M8
VAGMDVELTVEER,P62260
VETGVLKPGMVVTFAPVNVTTEVK,M0R757
DDAPVADGVEK,P07936
EAAENSLVAYK,P62260
EIIDLVLDR,Q6P9V9
EVDEQMLAIQSK,Q4QRB4
FLIPNASQPESK,A0A0G2JV65
FWEVISDEHGIDPTGTYHGDSDLQLER,G3V7C6
INVYYNEAAGNK,P85108
MPFPVNHGASSEDSLLQDAAK,Q00981
MSATFIGNSTAIQELFK,G3V7C6
NVTELNEPLSNEER,P61983
TSIAIDTIINQK,P15999
VVDEREQMAISGGFIR,P60881
ADIGVAMGIAGSDVSK,P06687
DIGAIAQVHAENGDIIAEEQQR,P47942
IIEVVDAIMTTAQSHQR,P47860
LEGQMGEDGNSIK,A0A0G2K0M8
SEMEDALTVIAEELAASAK,P12839
SPPAVQQDNVDEDLIRK,Q5U300
SVTEQGAELSNEER,A0A0G2JV65
VLDDGELLVQQTK,F1LQ81
DVSSVELLMNNHQGIK,G3V6S0
ILIRPLYSNPPLNGAR,P00507
LEFEDGSVLK,Q00981
LHIIEVGTPPTGNQPFPK,F1M779
VVGAMQLYSVDR,F1M779
AGAYDFPSPEWDTVTPEAK,G3V9G3
DEAAAAAGGDAAAAPGEQAGGAGAEGAEGGESR,P30009
DLDVAVLVGSMPR,O88989
EGVVQGVASVAEK,A0A0G2JSQ1
ELAEAEDVSIFK,P29419
EQMAISGGFIR,P60881
GILAADESVGSMAK,P09117
ITQYLDAGGIPR,P11275
IVYGHLDDPANQEIER,Q9ER34
KGIVDQSQQAYQEAFEISK,A0A0G2JV65
LAAEDATNEK,P19527
LIIWDSYTTNK,P54311
LQQTQAQVDEVVDIMR,P63045
LVLEVAQHLGESTVR,G3V6D3
TITLEVEPSDTIENVK,F1LU69
VTQSNFAVGYK,Q9Z2L0
AGEASAESTGAADGAPQEEGEAK,Q05175
ASGVAVSDGVIK,P45592
DGEPIENEEEDDEKHIFSDDSSELTIR,A0A0G2K0M8
FEELNADLFR,P63018
GSLPPAALEPQTTVIHNPVDGIK,G3V9G3
GYSFTTTAER,A0A0G2K3K2
IMDPNIVGSEHYDVAR,G3V6D3
INVYYNEATGNK,Q3KRE8
LGEHNIDVLEGNEQFINAAK,CON__P00761
LLDYVPIGPR,F1LQ81
MDENQFVAVTSTNAAK,Q62950
NTLFNLSNFLDK,A0A0G2K0B6
QVVDSAYEVIK,P04642
VALVYGQMNEPPGAR,G3V6D3
VLDSGAPIKIPVGPETLGR,G3V6D3
VPVGDQPPDIEFQIR,P21575
YDDMAAAMK,P61983
AQSELSGAADEAAR,G3V7Y3
EAFSLFDKDGDGTITTK,P0DP31
EANQQQQFNR,A0A0G2JZ69
ELISNSSDALDK,P82995
EYATEVDVDFVR,P62944
FVSISDLFVPK,P50399
GIVDQSQQAYQEAFEISK,A0A0G2JV65
GLVYETSVLDPDEGIR,G3V936
GVGIISEGNETVEDIAAR,P06687
IAAAQYSVTGSAVAR,A0A0G2K0B6
IGAADYQPTEQDILR,P59215
IINEPTAAAIAYGLDKK,P63018
ILDLGITGPEGHVLSRPEEVEAEAVNR,P47942
INVYYNEATGGNYVPR,B4F7C2
IVPNILLEQGK,G3V936
IYQNIQDGSLDLNAAESGVQHKPSAPQGGR,B0BMW0
LVQDVANNTNEEAGDGTTTATVLAR,P63039
MDVVNQLVAGGQFR,P07825
NLHQSGFSLSGAQIDDNIPR,P47942
NPDDITQEEYGEFYK,P34058
RTGAIVDVPVGDELLGR,P15999
SADESGQALLAAGHYASDEVR,A0A0G2JZ69
SELDQLRQEAEQLK,P54311
SLQDIIAILGMDELSEEDK,G3V6D3
SPDFTNENPLETR,P06685
SYEAYVLNIIR,P07340
TASNVEEAFINTAK,F1LP82
TQDENPVVHFFK,P02688
TTTNEELEDMLESGK,P61265
VNNSSLIGLGYTQTLKPGIK,Q9Z2L0
AAGVEAAAEVAATEPK,F1LV13
ADALQAGASQFETSAAK,P63045
ADLINNLGTIAK,P34058
AEGAGTEEEGTQK,Q05175
ALTVPELTQQVFDAK,P69897
APAPAAPAAEPQAEAPVASSEQSVAVKE,Q05175
DAGTIAGLNVLR,P63018
DLTDYLMK,A0A0G2K3K2
DNAGAATEEFIK,P09117
DSYVGDEAQSK,A0A0G2K3K2
EAAEAEPAEPGSPSAETEGASASSTSSPK,P30009
ENLLEEQGSIALR,A0A0G2JZ69
EVAAFAQFGSDLDAATQQLLSR,P15999
EVLLDEDDDLWIALR,P61765
FDLGQDVIDFTGHALALYR,P50398
FTQAGSEVSALLGR,G3V6D3
GMTTVDDFFQGTK,Q62952
HALIIYDDLSK,P15999
HGGTIPVVPTAEFQDR,P10860
IAATILTSPDLR,P00507
IINEPTAAAIAYGLDK,P63018
LIGQIVSSITASLR,P68370
LISQIVSSITASLR,Q6P9V9
MTQIMFETFNTPAMYVAIQAVLSLYASGR,A0A0G2K3K2
NSSYFVEWIPNNVK,G3V7C6
QASHAQLGDAYDQEIR,P12839
QGAIVAVTGDGVNDSPALKK,P06687
QIGENLIVPGGVK,Q62950
QTQTFTTYSDNQPGVLIQVYEGER,P63018
QVVAVTGDGTNDGPALK,P11506
SAASGVPYHSEVPVSLK,G3V6S0
SADTLWDIQK,P42123
SEGAAEEQPEPAPAPEQEAAAPGPAAGGEAPK,Q05175
SLAGSSGPGASSGPGGDHSDLIVR,Q68FR9
SQNIITDSSSLNAEAIR,G3V6S0
SSEEIESAFR,A0A0G2JZ69
SSHLPTEVTEKPQAVPVSFEFTEAK,F1LRL9
TAFDDAIAELDTLNEDSYKDSTLIMQLLR,P61983
TAFDEAIAELDTLNEESYK,P35213
TLSDNVNLPQGVR,A0A1W2Q6Q2
TLTLVDTGIGMTK,P34058
VAEIPFNSTNK,P06687
VEIIANDQGNR,P63018
VFSGVVSTGLK,P05197
VGAGAPVYLAAVLEYLTAEILELAGNAAR,M0RDM4
VGGTSDVEVNEK,P63039
VLETAEDIQER,A0A0G2JZ69
ADQLTEEQIAEFK,P0DP31
AFPAYYTSHVQEEQSEVEETIEATK,P19527
AIEQSIEQEEGLNR,P61265
AVTEQGAELSNEER,P68255
DFLAGGVAAAISK,Q09073
DLTNVQNLQK,A0A0G2JZ69
DNFTLIPEGTNGTEER,P47942
DNFTLIPEGVNGIEER,Q62950
DQLIVNLLK,P04642
EAEAAEPEQPEQPEQPAAEEPR,P30009
EAFQNAYLELGGLGER,P06687
EEIPEEELNEDVEEIDHAER,P11506
EITALAPSTMK,A0A0G2K3K2
ESYVETELIFALAK,F1M779
EVDEQMLSVQSK,B4F7C2
FAEAFEAIPR,D4ACB8
FDGALNVDLTEFQTNLVPYPR,Q6P9V9
FDLGQDVIDFTGHSLALYR,P50399
FEDENFILK,P10111
FLSQPFQVAEVFTGHMGK,G3V6D3
FVEGLPINDFSR,O88989
FVTVQTISGTGALR,P00507
GILAADESTGSIAK,P05065
GLGEISAATEFK,A0A0G2K0M8
GVVDSEDLPLNISR,P34058
GVVPLAGTNGETTTQGLDGLSER,P05065
HFTEFVPLR,D4A133
ISEQTYQLSR,P61765
ISGETIFVTAPHEATAGIIGVNR,F1M779
ISVYYNEATGGK,P69897
IVEIPFNSTNK,P06685
IVSSNDVGHDEYSTQSLVK,G3V6S0
IYIDSNNNPER,F1M779
KFEEFQTDLAAHEER,A0A0G2JZ69
LASLSEKPPAIDWAYYR,P31399
LASTLVHLGEYQAAVDGAR,F1M779
LAYINPDLALEEK,O35814
LGESQTLQQFSR,A0A0G2JZ69
LIQEQHPEEELIK,A0A0G2JZ69
LIVDEAINEDNSVVSLSQPK,P46462
LKEIVTNFLAGFEP,P15999
LLEASHAFEVSDSGNLIVSGK,P12785
LLYEANLPENFR,M0RC57
LLYNNVSNFGR,F1M779
LQSQLLSLEK,A0A0A0MY48
LSSPATLNSR,CON__P00761
LTGFHETSNINDFSAGVANR,P09606
LTQDQDVDVK,Q5XI34
NAGVEGSLIVEK,P63039
NDANPETHAFVTSPEIVTALAIAGTLK,Q9ER34
NLHQSGFSLSGTQVDEGVR,Q62952
NLHQSNFSLSGAQIDDNNPR,Q62950
NNLAGAEELFAR,F1M779
NQALNTDNYGHDLASVQALQR,A0A0G2JZ69
QTTVSNSQQAYQEAFEISK,P35213
SALPAQSAATLPAR,G3V6S0
SFEALLADLTR,A0A1W2Q6Q2
SIEQSIEQEEGLNR,P32851
SINPDEAVAYGAAVQAAILSGDK,P63018
SQIHDIVLVGGSTR,P63018
STAGDTHLGGEDFDNR,P63018
TAFDEAIAELDTLSEESYK,A0A0G2JV65
TGAIVDVPVGDELLGR,P15999
TSTEEATEPQK,G3V7U2
TTPSYVAFTDTER,P63018
TVEGAGNIAAATGFVK,P37377
VAPPGLTQIPQIQK,P07340
VDSSNGFLIDGYPR,P39069
VFVGYNSTGAELR,P21707
VGYTPDWIFLLR,F1M779
VINAFNDGLK,P02091
VLFPGNAPQNK,G3V7U2
VLLTTQGVDMISK,M0R9X8
VNNASLIGLGYTQSLRPGVK,A0A0G2JSR0
VNNSSLIGVGYTQTLRPGVK,P81155
VTDFGDKVEDPTFLNQLQSGVNR,M0R9X8
VVATNTLGTGEPSIPSNR,Q63198
VVDLMAYMASK,M0R590
WTEYGLTFTEK,Q9Z2L0
YALYDATYETK,P45592
YFAQEALTVLSLA,Q5XI34
YLTVATVFR,Q4QRB4
YQLSIHETEDPNDNR,P06687
AAEAGVTEDQYGFLGTPAK,F1LRL9
AAFDDAIAELDTLSEESYK,P62260
ADVGFAMGIAGTDVAK,P11506
AFLTLAEDILR,Q5RKJ9
AGEASAESTGAADGAPQEEGEAKK,Q05175
ALEENNNFSK,P21818
ALINADELANDVAGAEALLDR,A0A0G2JZ69
ALYDFEPENEGELGFK,O35179
ATEPVISFYDK,P39069
AVEEMITITK,P12839
AVTELNEPLSNEDR,P68511
DEQFEEYVQNFK,O08838
DFTSEQIDEILQNHTEIVFAR,P06687
DIQVIVNVPPTVQAR,A0A0G2K0M8
DLGTDSQIFISR,P50399
DLSSVQTLLTK,A0A0G2JZ69
DVAGDASESALLK,P06687
EANMEGIVTIMGLKPETR,A0A0G2K0M8
EAYPGDVFYLHSR,P15999
EGLELPEDEEEK,P34058
EILQEEEDLAEIVQLVGK,D4A133
EIVTNFLAGFEP,P15999
ELTNQQEASVER,D4A8U7
EQVTNVGGAVVTGVTAVAQK,P37377
EYQDLLNVK,P12839
FDVNTSAVQVLIEHIGNLDR,F1M779
FLVFVANFDENDPK,P50398
FYSVNVDYSK,B2RZD6
GEFITTVQQR,O88989
GIVDQSQQAYQEAFEISKK,A0A0G2JV65
GLDPEPTQPGTVK,A0A0G2K0M8
GPLPAAPPAAPER,F1LQN3
HESQVDSVVK,B2RZ37
HIYFITGETK,P82995
HVEDGNVTVQHAALSALR,A0A0G2K1D2
IEYNVEHSVDYVER,P61265
IGIFGQDEDVTSK,P11507
IQTQPGYANTLR,G3V741
IVLDNSVFSEHR,F1M779
IVTSEEVIIR,P97546
LAPDYDALDVANK,F1LT35
LAVEALSSLDGDLSGR,P07335
LEVEANNAFDQYR,A0A0G2JYB1
LFEVGGSPANTR,P63329
LISWYDNEYGYSNR,M0R590
LLVSSEDYGR,A0A0G2JZ69
LLVVYPWTQR,P02091
LNIPVSQVNPR,P06687
LPLQDVYK,M0R757
LQSIGTENTEENR,P05065
LQTASDESYKDPTNIQLSK,A0A0G2JZ69
LSDDNTIGQEEIQQR,A0A0G2JZ69
LSDEILIDILTR,P05708
NDEVSSLDAFLDLIR,P31596
NFSGAELEGLVR,F1LQ81
NLQNLLILTAIK,F1M779
NPDDITNEEYGEFYK,P82995
NSVVEASEAAYK,P68511
NVIIWGNHSSTQYPDVNHAK,O88989
QALQDTLALYK,G3V6S0
SAYSSYSAPVSSSLSVR,P19527
SDAAPAASDSKPSSAEPAPSSK,A0A0G2K1L8
SEDYALPSYVDR,P10888
SESEVEEAAAIIAQRPDNPR,A0A0H2UHL9
SNEAQAIETAR,Q9EQX9
SSASFSTTAVSAR,P61765
STLNEIYFGK,A0A0G2JYB1
TAFDEAIAELDTLNEDSYK,P68255
TDDEVVQREEEAIQLDGLNASQIR,A0A0A0MY09
TDEFQLHTNVNDGTEFGGSIYQK,Q9Z2L0
TDLNPDNLQGGDDLDPNYVLSSR,P07335
TIEYLQPNPASR,O35179
TPSALAILENANVLAR,P09117
TPYLGDVAVVVNPGK,Q9JHU0
TYFSHIDVSPGSAQVK,P01946
VGSHITGGDIYGIVNENSLIK,D4A133
VIPSVVIEPASNHEGEEHQETTTGTETR,O08838
VLVVDQLSMR,P61765
VQSLQDEVAFLR,P12839
VTLTPDEEAR,P04642
YFDRVDENNPEYLR,A0A0G2JSM7
YFPTQALNFAFK,Q6P9Y4
YLAEFATGNDR,P62260
YLTVAAVFR,G3V7C6
YSTDVSVDEVK,P10860
YYLDSLDR,P59215
AAATPEPAVAQPDSTALEGATGQAPPSSK,Q63092
AEGAALSNATGAVESTSQAGDR,Q9Z0W5
ALLQMVQQFAVDFEK,P21575
ALSDEQEEQAAR,D3ZB78
ALYDYDGQEQDELSFK,Q9Z0W5
ARFEELNADLFR,P63018
ASQSQGIQQLLQAEK,Q8R2H0
ATGAEEYAQQDVVR,P13233
AVAGDASESALLK,P06685
AVAIETQPAQGESDAVAR,Q63560
AVVQVFEGTSGIDAK,P62815
DDGSWEVIEGYR,P10860
DLADELALVDVIEDK,P04642
DLFDPIIEDR,P07335
DQNTVETLQR,G3V6S0
EDQTEYLEER,P34058
EGAAHAFAQYNLDQFTPVK,Q3T1K5
EGIPALDNFLDKL,P05197
EIDVLEFGESAPAAPK,Q920Q0
EIGQSVDEVEK,G3V6S0
ELISNASDALDK,P34058
ELISNASDALDKIR,P34058
ENLATVEGNFASIDAR,A0A0G2JUC7
EQGFLSFWR,Q6P9Y4
EQVANSAFVER,P34058
ETPAASEAPSSAAK,Q05175
FIVLSNNYLQIR,A0A0G2K0M8
FLASVSTVLTSK,P01946
FNALFAQGNYSEAAK,F1M779
FNPETDFLTGK,Q9ER34
FTDEYQLYEDIGK,G3V9G3
FTEEYQLFEELGK,P11275
FVEEIIEETK,P12839
GADYLVTEVENGGSLGSK,P11980
GDQALSFLK,Q6P9Y4
GMEDLIPLVNR,P21575
GPDGLTALEATDNQAIK,P62775
GQFSTDELVAEVEK,F1M779
IASQVAALDLGYKPGVEAIR,Q66HF1
IDTIEIITDR,F1LNF1
IEGYEDQVLITEHGDLGNGK,Q3T1K5
IHVSDQELQSANASVDDSRLEELK,Q5U300
IIAEGANGPTTPEADK,P10860
ILDDDTIITTLENLK,M0R9X8
INVYYNEATGGK,G3V7C6
INVYYNEATGNKYVPR,Q3KRE8
ISGLIYEETR,P62804
IVFEDGNISVSK,Q62950
IVLLDSSLEYK,Q6P502
IVQAEGEAEAAK,A0A0G2KB63
IYDDDFFQNLDGVANALDNVDAR,Q5U300
KPYQLIAQDNEPEKPVADSETK,A0A0G2K611
LAASGEGGLQELSGHFENQK,A0A0H2UHL9
LIAPVADDETAVPNNK,P42123
LINQPLPDLK,F1LNK0
LLGAPQEADASEEGVQR,P14841
LNIPVNQVNPR,P06685
LSDYFPKPYPNPEAAR,D3ZFQ8
LSSFIGAIAIGDLVK,Q5XIM9
LTEAAEQNK,P12839
LTFDSSFSPNTGK,Q9Z2L0
LTLSALLDGK,Q9Z2L0
LTNGIWILAELR,P62944
LVSDGNINSDR,G3V6S0
NIEDVIAQGVGK,D4A4D5
NQLTSNPENTVFDAK,P06761
QELEDLTADIK,P61265
QEMQEVQSSR,F1LNF1
QITLNDLPVGR,Q9Z0V5
QITVNDLPVGR,A0A0G2JSH9
QSIINPDWNFEK,F1LQ81
RGTGGVDTAAVGGVFDVSNADR,P07335
RQDLEDSLQAQQYFADANEAESWMR,A0A0G2JZ69
SVNFSLTPNEIK,F1LRL9
TAFDDAIAELDTLNEDSYK,P61983
TATDEAYKDPSNLQGK,A0A0G2JZ69
TFTTQETITNAETAK,Q6P6V0
TLFSNIVLSGGSTLFK,P85515
TSRPENAIIYSNNEDFQVGQAK,G3V826
VATVSLPR,CON__P00761
VDFPQDQLATLTGR,P04636
VDQSILTGESVSVIK,P11507
VESLLDELAFVR,P23565
VETLHDFEAANSDELTLQR,O08838
VFDKDGNGYISAAELR,P0DP31
VGDTIPSVEVFEGEPGKK,A0A0G2JSS8
VLYPNDNFFEGK,G3V6Y6
VNSLGETAQR,A0A0G2JZ69
VVDEYSLNSGK,P05708
VVVAESFDDIVNAEDK,A0A0H2UHM5
YFDSFGDLSSASAIMGNPK,P02091
YIDQEELNK,P34058
YPIEHGIITNWDDMEK,P68035
ADIANLAEEFK,Q9ER34
AEEEFNIEK,G3V7L8
AELQEVQITEEKPLLPGQTPEAAK,A0A0G2JSU4
AELVVIEDSVTPR,Q920Q0
AIAGTGANVIVTGGK,D4ACB8
ALEAELAALR,P23565
APGDEEAQVENLITTNAAEPQK,Q91XV6
APQVSTPTLVEAAR,P02770
AQLEEASSAR,P23565
AQLQDLNDR,P19527
AQVQLDSDHLEEDIHR,P12839
ASTEGANNMPK,P31596
AVETTAQSDNK,D4A133
DAGQISGLNVLR,F1M953
DAMQYASESK,F1M779
DAVLLVFANK,A0A0G2JV81
DFLAGGIAAAVSK,Q6P9Y4
DLLTAYYDVDYEK,A0A0H2UHM5
DLYANTVLSGGTTMYPGIADR,A0A0G2K3K2
DNALLAQLIQDK,P61765
DNFTAIPEGTNGVEER,Q62952
DPEGAGGAGVPAAGK,Q63560
DQVANSAFVER,P82995
DVTGAEALLER,A0A0G2JZ69
EFTPSAQAAFQK,Q62669
EGGLGPLNIPLLADVTK,A0A0G2JSH9
EIYNQVNVVLK,B2GUZ9
EQLAIAEFAR,P28480
ESTFLDEGPDEQEITPLQHTPR,G3V7U2
EYQPHVIVSTTGPNPFNTLTDR,A0A0G2JSM7
EYQTQLIQR,M0R9X8
FLMANGQLVK,P50398
FQSLGVAFYR,P09527
GHYTEGAELVDAVLDVVR,B4F7C2
GIYAYGFEKPSAIQQR,Q5RKI1
GNLANVIR,Q6P9Y4
GPGDGAEEDESNTGGR,Q5FVI4
GSPLVVISQGK,P47942
GVQYLNEIK,P05197
GVVQDLQQAISK,Q68FR9
HTEPNETTPLTEPEKGPVETK,F1LNY3
IEGSGDQIDTYELSGGAR,P21575
IFNLYPR,Q62950
IGDLQAFVGPEAR,A0A0H2UHQ0
IIPGADADVVVWDPEATK,Q9JHU0
INVYYNEAAGNKYVPR,P85108
IPSAVGYQPTLATDMGTMQER,G3V6D3
IQLVEEELDR,Q63610
ITPSYVAFTPEGER,P06761
IVQVVTAEAVAVLK,F1LNK0
KEAGEGAEAEGATADGAK,P30009
KEDLVFIFWAPESAPLK,P45592
KETSPETSLIQDEVALK,F1LNK0
KPFPDFVYK,P47942
LAELEEFINGPNNAHIQQVGDR,F1M779
LEAPDADELPR,Q9ER34
LETAVNLAWTAGNSNTR,Q9Z2L0
LFADAEEEQR,F1LQ81
LLHEVQELTTEVEK,A0A0G2JUC7
LLLNNDNLLR,Q3T1K5
LQSIGTENTEENRR,P05065
LSDGNEYLFQAK,G3V6S0
LVINGKPITIFQER,M0R590
LVQAFQFTDK,A0A0G2K3Z9
MSSTFIGNSTAIQELFK,Q4QRB4
NEIDNYEEDYQK,G3V6S0
QAVQILQQVTVR,O35179
QIGDNLIVPGGVK,Q62952
QLSQSLLPAIVELAEDAK,Q5XI34
QNADISAMQDTINK,P19527
QTIENSQGAYQEAFDISK,P68255
RGFGFVTFDDHDPVDK,F1LNF1
RNDFQLIGIQDGYLSLLQDSGEVR,Q3T1J1
SALFAQINQGESITHALK,Q08163
SAPEQEQPATVSQEEDQVSAIHSSEGLEQK,G3V874
SEEEQSSASVK,A0A0G2K7B3
SGAFGHLFRPDNFIFGQSGAGNNWAK,Q4QRB4
SGHDQVVELLLER,F1M9N9
SHYEEGPGK,P80432
SLADLTAVDVPTR,D3ZG43
SLTNDWEDHLAVK,P34058
STGLGSDYYELSDSR,F1LNK0
STTTGHLIYK,M0R757
SVAQQASLTEQR,A0A0G2K1D2
TAFDEAIAELDTLNEESYKDSTLIMQLLR,P35213
TETIETEVEPTPHPQPLSTEK,G3V874
TINEVENQILTR,A0A0G2K5U9
VDDLLIIEEK,M0R9X8
VDNSSLTGESEPQTR,P06687
VGNIEYFGMGGFYGFPLQYYPYYGK,P07340
VINEPTAAALAYGLDK,F1M953
VLEAELLVLR,P19527
VLQETVLVEER,G3V874
VNPDDVGGEALGR,P02091
VQVVVTVLDYDK,P21707
VSGSPSSGFR,P12839
VTIAQGGVLPNIQAVLLPK,D4ACV3
YETSGIGEAR,P61765
YLAEVAAGDDK,A0A0G2JV65
YVGESEANIR,F1LQ81
AAATPESQEPQAK,A0A0G2K613
AAQPPTETAESSQAEEEK,P07936
ADVVESWIGEK,A0A0G2JZ69
AELNEFLTR,P62909
AGGAGVPAFYTSTGYGTLVQEGGSPIK,B2GV06
AIGNIELGIR,F1LRL9
ALGLEESPAEGSK,G3V7U2
ALGVLAQLIWSR,G3V936
ALIAAQYSGAQIR,Q68FR6
AMDTLGVEYGDKER,P59215
APAPAAPAAEPQAEAPVASSEQSVAVK,Q05175
ASASYHISNLLEK,P97536
AVNVYSTSVTSDNLSR,Q66HR2
AVNVYSTSVTSENLSR,Q5XIT1
AYGENIGYSEK,P07340
DFTPSGIAGAFR,D3ZAF6
DGNGYISAAELR,P0DP31
DLASVQALLR,A0A0G2JZ69
DNLTQDLGTLR,P47819
DTGLGEKPLPADATEQGHPSAAIQVTQPSGPVLEGEHVER,G3V7U2
EAFQEALAAAGDK,P11232
EDENVPFLLVGNK,P63322
EDPEADQEHA,P07936
EEFEHQQK,P63018
EIIDPVLDR,Q5XIF6
EILVGDVGQTVDDPYTTFVK,P45592
ELAQQIQK,Q5RKI1
EQFASTNIAEELVK,A0A0G2K1D2
ESPVSDLTSDLYQDKQEEK,F1LRL9
EVAEQFLNIR,P32551
EVDDLEQWIAER,G3V6S0
FIPLIPIPER,Q63198
FMELLEPLNER,G3V6S0
FNTSDVSAIEK,P05708
FSEDDPEYLR,F8WFS9
FTDEEVDELYR,A0A0G2JSW0
GAILTTMLATR,G3V9G3
GDSLDSVEALIK,A0A0G2JZ69
GESAILVENTK,F1LQN3
GGGGNFGPGPGSNFR,F1LNF1
GHYTEGAELVDSVLDVVRK,G3V7C6
GQYFGELALVTNKPR,P12369
GSVSEDELIAAIK,Q64548
GTRDDEYDYLFK,A0A0G2JZR4
HDVVFLITK,F1M779
HFVALSTNTDK,Q6P6V0
HNDDEQYAWESSAGGSFTVR,P34058
HQAFEAEVQANSGAIVK,A0A0G2JZ69
HQAQVDQYLGLVR,Q64548
HSPTEDEEIAK,F1LRL9
HVLSGTLGVPEHTYR,P01830
IGPILDNSTLQSEVKPILEK,Q5XI34
IHVSDQELQSANASVDDSR,Q5U300
ILEQQNSSR,F1LMC7
ILQAVEFPFLVR,P68182
IQEAGTEVVK,P04636
ITAEEAISHEWISGNAASDK,Q63092
KEGDGSATTDAAPATSPK,P07936
KELEEIVQPIISK,P06761
LDLTGTSGAAVPAR,D3ZC55
LEAENNLAVYR,P47819
LEATLQEEAAIQQEHLEELK,Q5XIN6
LEGGSGGDSEVQR,P62198
LGFVAGVINR,Q2I6B2
LKETEPGEAYVIQK,F1LRL9
LLDELTLEGVTR,A0A0G2JWM2
LPASDGLDLSQAAAR,P23565
LQVASDENYKDPTNLQGK,A0A0G2JZ69
LSTIALALGVER,Q5XI34
MLEMGITGPEGHVLSRPEELEAEAVFR,Q62952
NAPAIIFIDELDAIAPK,P46462
NIDSNPYDTDK,F1LQ81
QEQPAAPGPATTK,Q5FVI4
QIYPPINVLPSLSR,P62815
QLLLTADDR,P05065
QSRPVAGGPGAPPAARPPASPSPQR,P09951
QTLQSATVEAIEADEAIK,P63329
REELITNWEQIR,A0A0G2JZ69
SENGLEFTSSGSANTETTK,Q9Z2L0
SIQGDGEGDGDLK,F8WFM2
SLYQPGGVAPESLEYIEAHGTGTK,P12785
SPYLYPLYGLGELPQGFAR,P50398
STIEEITTSSSQK,P23565
TDGAAPNVAPSDVGGGGGTNR,Q63198
TEQSVTPEQQK,Q9Z0W5
TLEQQENFSEVAR,F1M9N9
TPALSPQRPLTTQQPQSGTLKEPDSSK,G3V733
TPVSEDMLGR,P62815
TPYTDVNIVTIR,F1LNF7
TREGNDLYHEMIESGVINLK,G3V6D3
TSVNVVGDSFGAGIVYHLSK,P31596
TTEQLIEAVNNGDFEAYAK,G3V9G3
TVNDLEDSYGQQWTYEQR,P06687
VADGQISTEVSEAPVASDKPK,P23978
VADPSYLPTQQDVLR,D4AE68
VDLVDESGYVPGYK,D3ZQL7
VGGYILGEFGNLIAGDPR,Q66HM2
VHELEQQNK,P19527
VIAVNEVGSSHPSLPSER,P97685
VLAQNSGFDLQETLVK,Q3MHS9
VLEVPPIVYLR,F8WG67
VLQATVVAVGSGGK,P26772
VMLGETNPADSKPGTIR,Q05982
VNEVNQFAAK,A0A0G2JZ69
VNHEPEPASGASPGATIPK,F1LMX1
VQAQHDYTATDTDELQLK,F1LMX1
VQGLTVEQAEAVAR,M0R9X8
VSSDLEQEQLTIR,Q6RJR6
YALYDASFETK,Q7M0E3
YHTSQSGDEMTSLSEYVSR,P34058
YLAEVATGEK,P61983
YLGTQPEPDAVGLDSGHIR,P24329
YLSEVASGDNK,P35213
YLTVAAIFR,P85108
AALLELWELR,A0A0G2JZ69
AAQTSDLEK,Q9EQS0
ADEVTLSEAGSTTGPAEPR,Q920Q0
ADIGVAMGIVGSDVSK,P06685
ADSVEQQDGAALEK,G3V7U2
AEAGAGSATEFQFR,F1LT36
AFSIQGAPSDSGPLR,O08838
AGQENISVSK,P06686
AGQVVQIPVAEIVVGDIAQIK,P11506
AIAELGIYPAVDPLDSTSR,G3V6D3
AIIDGTESVSR,F1LMY3
ALQASALSAWR,P09117
APVPTGEVYFADSFDR,P35565
ASAELALGENSEVLK,P00507
AVAQGNLSSADVQAAK,P32551
AVDDGVNTFK,D4ACB8
AVFQANQENLPILK,P06685
AVLDALLEGK,G3V7U2
AWGNNQDGVVASQPAR,P60881
DEAAAAPEPGAATADK,P30009
DEILPTTPISEQK,P62909
DFPQYFAVVSR,F1M9N9
DLHESSFSLSGSQIDDHVPK,Q9JHU0
DQEGQDVLLFIDNIFR,G3V6D3
DQEVLLQTGR,A0A0G2K1D2
DTDLQQTQATEPR,G3V7U2
DVEDEETWIR,A0A0G2JZ69
EALDLGITGPEGIEISHPEELEAEATHR,Q9JHU0
EALQDVEDENQ,P62260
EALTYDGALLGDR,Q5XI72
EASIYTGITLSEYFR,D4A133
EDPLLTPVPASENPFR,M0RBJ0
EGEHVIDQGDDGDNFYVIDR,P12369
ELAEDGYSGVEVR,P62909
ELIEQLQNKPSDLGTK,O35814
ELVVTNLGFDTR,P47860
EQAEAEVASLNR,Q63610
ESAPFAVIGSNTVVEAK,D3ZDH8
EVQSSEAEALAR,D3ZHX3
FAAATGATPIAGR,P38983
FAVFIEK,P23565
FDAGELITQR,P67779
FDDAVVQSDMK,P63018
FDTDELNFPTEK,P06686
FEDYLNAESR,F1LMC7
FLDGIYVSEK,A0A0G2JXD0
FPQLDDTSFANSR,P12785
FQIQDISVETEDNKEK,G3V6S0
FQLTDSQIYEVLSVIR,P47942
FSTFSGSITGPLYTHR,P12839
FYFENLLAK,G3V9G3
GAEDAPDADTAIINAEGSQVNAEEK,A0A0G2K5U6
GATQQILDEAER,Q5XIM9
GDVTAEEAAGASPAK,A0A0G2K613
GDVTITNDGATILK,Q7TPB1
GLDPYNMLPPK,P12075
GMYDGPVYEVPATPK,Q62950
GNAQESLDTVSPK,F1LNK0
GNEEDTGLNPGR,F1LMY3
GPFTDVVTTNLK,Q9Z270
GVNLPGAAVDLPAVSEK,P11980
GVNVSALSR,D4A133
GVVTNGLDVSPAEEK,P12839
GYDVIAQAQSGTGK,Q5RKI1
GYFEYIEENK,Q6IMY8
HLEINPDHSIIETLR,P82995
IDESSLTGESDQVR,P11506
IENPNSLQDQSHALLK,F1M9N9
IINEGAAILR,P20651
IISNTENLVR,E9PSV5
IITHPNFNGNTLDNDIMLIK,CON__P00761
INNVPAEGENEVNNELANR,B2GUZ9
IQVLQQQADDAEER,Q63610
IREDLPNLESSEETEQINK,G3V8A5
ISVGSDADLVIWDPDSVK,P47942
IVEIVDAITTTAQSHQR,Q52KS1
IVILPDYLEIAR,D3ZVQ0
IVQVTAADAFLDLIR,A0A0G2K611
KETSTPSVQEPTLTETEPQTK,F1LNK0
LAEQAER,P62260
LAETVFNFQEK,M0R9X8
LAGESESNLR,P46462
LAGTQPLEVLEAVQR,Q5U300
LASVSADAEVAR,F1LNK0
LDIDSAPITAR,P11980
LDPGSEETQTLVR,Q68FR6
LFVTNDAATILR,D4ACB8
LGANSLLDLVVFGR,Q920L2
LGGSAVISLEGKPL,P45592
LGNTQGVISAFSTIMSVHR,Q06647
LIEVGPSGAQFLGK,F1M9N9
LIQNNHYAMEDVATR,A0A0G2JZ69
LLEELEEGQK,D3ZFY8
LLLEYTDSSYEEK,P08009
LPAKPEVSSDEDIQYR,Q64428
LPSSFAEPLDKEETEFK,F1LNK0
LQENLQQFQHSTNQLAK,A0A0G2JVB6
LQNNNVYTIAK,P62944
LQQSHPLSANQIQVK,A0A0G2JZ69
LTFDTTFSPNTGK,P81155
LTVDTIFVPNTGK,A0A0G2JSR0
LVARPEPATGFTLEFR,P85845
LVIIESDLER,A0A0G2JSQ4
MSMKEVDEQMLNVQNK,G3V7C6
MVVDSAYEVIK,P42123
NADVELQQR,Q66HM2
NAVTQEFGPVPDTAR,Q9ER34
NDFTEEEEAQVR,A0A0G2K4X8
NLVDSYMAIVNK,P21575
QAFDDAIAELDTLNEDSYKDSTLIMQLLR,P68511
QEYDESGPSIVHR,A0A0G2K3K2
QNLLSQSHAYQQFLR,G3V6S0
QVGNVTKPTVIISQEGGK,P55051
RFDEILEASDGIMVAR,P11980
RPLILQLVHVSPEDK,O35303
RPYPHDEELEVLMAAEAQAEPK,F1LNK0
SAYSGLQSSSYLMSAR,P19527
SDIDEIVLVGGSTR,P06761
SPLTYGVGVLNR,D3ZC55
SPSTGLYANLEK,A0A0G2JWM2
SSEYHLEDNAAYYLNDLER,P19627
SYTLDSLGNPSAYR,P12839
TEEVSAIEIVGGATR,Q66HA8
TEYTVAVQTASK,Q6AYN4
TLSSSTQASIEIDSLYEGIDFYTSITR,P63018
TPGTPGTPSYPR,F1LNK0
TVDNFVALATGEK,P24368
TVPLAGHVGFDSLPDQLVNK,B5DFG5
TVYETLDIGWQLLR,P62815
TWNDPSVQQDIK,P06761
TYATAEPFIDAK,P09951
VDEAVAVLQAHQAK,Q9EPH8
VEGGTPLFTLR,G3V6P2
VEPYSSTAQVQFDEPEATGGVPILK,A0A0G2K0M8
VGTDLLEEEITK,Q68FR9
VIDPATATSVDLR,Q7TPB1
VLATAFDTTLGGR,F1LRV4
VLITTDLLAR,Q5RKI1
VLLEAGEGLVTVTPTTGSDGRPDAR,O55096
VLSSIEQK,Q5EBB0
VPTTGIIEYPFDLQSVIFR,D4AE68
VQVTSQEYSAR,Q63198
VTEGSQPFAPVFFQSDDK,F1LNK0
VTHAVVTVPAYFNDAQR,P06761
VVDALGNAIDGKGPVGSK,P15999
VYGTGSLALYEK,Q6PCU0
WVGGPEIELIAIATGGR,Q68FQ0
YDGQVAVFGSDLQEK,Q5U300
YENYNYLGTSHLLR,P32551
YITPDQLADLYK,M0R5J4
YTPSGQSGAAASESLFISNHAY,P05065
AAQEEYIK,P05065
AAVENLPTFLVELSR,F2Z3Q8
AAYFGVYDTAK,Q6P9Y4
ADAEEEAATR,D3ZU74
ADQLADESLESTR,P60881
AELSEEALLSVLPTIR,D3ZVQ0
AFMTADLPNELIELLEK,F1M779
AGQVFLEELGNHK,P13233
AIVAIENPADVSVISSR,P38983
ALAAELNQLR,P47819
ALEHFTDLYDIK,F1M779
APIQWEER,F1LNF7
AQTLPTSVVTITSESSPGK,G3V6S0
ASGNAHIGKPAPDFTATAVVDGAFK,A0A0G2JSH9
AVAQALEVIPR,Q6P502
AVFVDLEPTVIDEVR,Q6P9V9
AVIESDQEQGR,Q6AY84
AVTEQGHELSNEER,P35213
AYSEAHEISK,P61983
DEDSAEALLK,A0A0G2JZ69
DIQPEVAEATVPGRPGAELQPK,Q5XIN6
DLGAVAQVHAENGDIVEEEQK,F1LNT0
DLTGQVSTPPVK,F1LRL9
DQLLLGPTYATPK,Q60587
DTDSEEEIR,P0DP31
DVDETIGWIK,A0A0G2JZ69
EAAEQDVEK,D3ZRM9
EALELTDTGLLSGSEER,M0R9X8
EATQITQGPR,D3ZPC4
EEVTSTVSSSYR,Q63560
EFADSLGIPFLETSAK,Q6NYB7
EFSPFGTITSAK,Q9EPH8
EGETLDQEAR,G3V7U2
EGRPSGEAFVELESEDEVK,A0A0G2JTG7
ELLLQPVTISR,B2RZ72
ELVLALYDYQEK,A0A0G2JZ69
EQASHLGGAVFSGAGNIAAATGLVK,A0A0G2JSQ1
ETAFEFLSSA,O88989
EVDIGIPDATGR,P46462
FAAPVQPEEER,F1LNK0
FFVAPFPEVFGK,CON__P02662
FIIPQIVK,P42123
FTQDTQPHYIYSPR,M0R9X8
FYGPEGPYGVFAGR,P70580
GAHGIIVVYDVTDQESFNNVK,Q6NYB7
GDVTTQVALQPALK,P07895
GDVVPKDVNAAIATIK,Q6P9V9
GEAAAERPGEAAVASSPSK,P30009
GEMMDLQHGSLFLQTPK,P42123
GIIDSTVSEQR,P11505
GQFSTDELVAEVEKR,F1M779
GSEENLDETR,A0A0G2JSM7
GSMAGSTGVHDTVVNQLLSK,F1LQ81
HLEINPDHPIVETLR,P34058
HSQFIGYPITLFVEK,P82995
IAEFAFEYAR,F1LNF7
IAQSDYIPTQQDVLR,P04897
IFDAVGFTFPNR,O35095
IGGHGGEYGEEALQR,P01946
IGGIGTVPVGR,M0R757
IMLEDGNLHVTQGAGR,Q62952
IQEGVFDINNEANGIK,F1LP82
IYEFPETDDEEENKLVK,F1LMC7
KDVVELTDDTFDK,A0A0G2JSZ5
KEEEEEEEEEEGASK,P23565
KGEIFELK,P62944
LDLIAQQMMPEVR,G3V7L8
LDPTQTSFLK,A0A0G2JSU4
LDRDPASGTALQEISFWLNLER,M0R9X8
LEAAEDIAYQLSR,P67779
LESEHPDQAQAILSR,G3V6S0
LFDHPEVPIPAESESVSR,P12785
LLEVLSGER,G3V6S0
LLLIGDSGVGK,Q6NYB7
LLVVQNFTSNR,REV__P12001
LNIIIVAEGAIDK,Q52KS1
LQIWDTAGQESFR,F1LP82
LQQELDDLTVDLDHQR,G3V9Y1
LTAEEEEAQR,A0A0G2JZK7
LTEELAVANNR,A0A0G2K6A9
LTIYNANIEDAGIYR,F1M8G9
LTLSALVDGK,P81155
LTQYIDGQGR,G3V9G3
LVQEVTDFAK,P02770
MSLQDTSGSATSK,F1LNK0
NLQSAEEWYK,P23565
NSLQEQQEEEEEARK,G3V9Y1
NTTGVTEEALK,A0A0G2JZ69
QASPNIVIALSGNK,M0RC99
RHPDYSVSLLLR,P02770
RNEFLGELQK,A0A0G2JUL7
SELEQLRQEAEQLR,P54313
SFEGNLNTYK,P47860
SGLLLTSILTLR,P07722
SGPFGQIFRPDNFVFGQSGAGNNWAK,G3V7C6
SPSTESQLASK,F8WFS9
SPVYLTVLK,F1M9V7
SSVLENFVGR,P21575
STPSQVTSAEEK,G3V7U2
SVGNAIEPVILFQK,F1LRL9
TSGNQDEILVIR,P21575
TSIDAYDNFDNISLAQR,F1M779
TTTVATDYDNIEIQQQYSDVNNR,G3V6S0
VAVLGASGGIGQPLSLLLK,P04636
VEAVNMAEGIIHDTETK,F1M953
VGELTQEANALAAGHPAQAPAINTR,F1MA36
VLDNAIETEK,G3V6S0
VLGATLSPELIQK,F1M9V7
VLRPQVTAVAQQNQGEAPEPQDMK,M0R9X8
VPMNTVDFGHVTEEWR,P21707
VQLLADPTGAFGK,A0A0G2JSS8
VSGASPGGQQR,P09951
VTEQLIEAISNGDFESYTK,P11275
VTFVNFTVTR,M0R9X8
VTGGQTTQVETSSESPFPAK,F1LNK0
VTVNTAYGSNGVSVLR,P97546
VVDLLAPYAK,G3V6D3
VVLEDGNLLVTPGAGR,F1LNT0
VVLPMELPIR,P00406
YAAVTQFEATDAR,F1M9V7
YLAEVASGEK,P68511
YQLDPTASISAK,P81155
AAEVEGEQVDNK,Q5XIN6
AATESFASDPILYRPVAVALDTK,P11980
AATFGLILDDVSLTHLTFGK,P67779
AAVESLGFILFR,A0A0G2JTW5
ADPVLLNNHSNLKPAPTVPAAPSSPDTTSEPK,Q5FVI4
AEEATPVAALR,G3V874
AGGIETIANEFSDR,Q66HA8
AIGSASEGAQSSLQEVYHK,Q6P9V6
ALDFAVSEYNK,P14841
ALGQNPTNAEVLK,A0A0G2K6J5
ALYEQEIR,P19527
AMGIMNSFVNDIFER,M0R4L7
AQPTPKPEPSFSEYASVQVQR,P97710
AYAQQLTDWAK,Q9Z0W5
DAVTYTEHAK,P62804
DFLPLYFGWFLTK,P13233
DGLGGLPDIVR,D3ZVQ0
DGPNALTPPPTTPEWVK,P06687
DIEAMDPSILK,F1LQ81
DILSNLIPK,G3V936
DLNPDVNVFQR,Q2I6B2
DMTSEELDDILR,P06685
DREELAQQYETILR,Q02563
DTDAAVGDNIGYITFVLFPR,A0A0G2K9A2
DTELAEELLQWFLQEEK,F1M779
DTGNIGQER,G3V6S0
DVAEEISNYRPTIDTLHEQAGALPQAHAESPDVK,G3V6S0
EAFLNTEDK,A0A0G2JZ69
EAGEGAEAEGATADGAK,P30009
EALLSSAVDHGSDEVK,Q5XIM9
EDSEEQTVKPGPEEGTSEEGKGPPTR,G3V7U2
EEAESTLQSFR,G3V8C3
EFDELSPSAQR,P11507
EHANIDAQSGSQASNPSATVSPR,A0A0G2JWM2
ELPTAFDYVEFTR,A0A0G2JZ69
ETLLNSATTSLNSK,Q7TPB1
EYQLNDSAK,P59215
FEEFQTDLAAHEER,A0A0G2JZ69
FVAVTSSNAAK,Q9JHU0
FWEVISDEHGIDPSGNYVGDSDLQLER,Q4QRB4
GAAQNIIPASTGAAK,M0R590
GADEAALAR,P19527
GAVDAAVPTNIIAAK,A0A0G2K9J2
GEEQTIEALK,F1LNK0
GGSQGEEVGELPR,P13233
GMSLNLEPDNVGVVVFGNDK,P15999
GMYDGPVFDLTTTPK,Q62952
GSEALGGGGGGAAGTR,P31647
GSFGELALMYNTPR,P12369
GSTASQVLQR,G3V741
GSYGDLGGPIITTQVTIPK,Q5D059
GTGGVDTAAVGGVFDVSNADR,P07335
GTVTDFSGFDGR,P14668
GTVVYGEPITASLGTDGSHYWSK,P47942
HLLGVEDLLQK,G3V6S0
HQAFEAELHANADR,A0A0G2JZ69
IAALQAFADQLIAVDHYAK,A0A0G2JZ69
IAEESNFPFIK,F1LQ81
IDEPLEGSEDR,Q5D059
IDVVVNNAGILR,Q6IN39
IENDVATILSR,Q5BJU7
IFVGGLSPDTPEEK,Q9JJ54
IGQLEEQLEQEAK,G3V9Y1
IITEGASILR,P63329
ILATPPQEDAPSVDIANIR,G3V826
INAANIATDDER,Q5M9H4
INENTGSVSVTR,F1M7X3
IQEITEQLDITTSEYEK,P63039
ISEEDELDTK,Q5U318
ISVYYNEASSHK,Q4QRB4
ITFTPSSGISSEVTVPR,F1LQ63
ITLPVDFVTADK,P16617
IVITGDADIDHDQALAQAIK,G3V874
LAEMPADSGYPAYLGAR,D4A133
LAIFTDDIK,P61265
LAPEYEAAATR,A0A0H2UHM5
LEIEAETDR,P21575
LGTIAIQGAIEK,P17764
LLLIGNSSVGK,Q63942
LLLPWLEAR,F1M779
LLVSASQDGK,P54311
LSTEPSPDFSNYSEIAK,F1LQN3
LTGGANWQPK,A0A0G2K0B6
LVSSPEVGHDEFSTQALAR,F1MA36
LYTLVLTDPDAPSR,P31044
MLIDAQAEAAEQLGK,A0A0G2K1D2
MLQTSSVLVSGLR,Q5U300
NADLSTFYQNR,R9PXR4
NLLSVAYK,P62260
NPYYGGESSSITPLEELYK,P50398
NSLLNEDLEK,Q9Z0W5
NVEDIELWLYEVEGHLASDDYGK,A0A0G2JZ69
NVQFVFDAVTDVIIK,P10824
QASPNIVIALAGNK,B0BNK1
QEEVNAAWQR,A0A0G2JZ69
QFQDAGHFDAENIK,A0A0G2JZ69
QLQNISQAAAAGGAK,M0R9X8
QTAASAGLVDAPAPSAASR,G3V733
QYKPVVYSNTIQSLAAIVR,P59215
RIQEITEQLDITTSEYEK,P63039
SAADIIALAR,Q62950
SDTLQITDLLVPGSR,F1LNK0
SEDPDQQYLILNTAR,G3V8A5
SIYYITGESK,P34058
SLADELALVDVLEDK,P42123
SLADELALVDVLEDKLK,P42123
SLQDIIAILGMDELSEEDKLTVSR,G3V6D3
SLVQGELVTASK,A0A0G2JSM7
SQFTITPGSEQIR,Q9ER34
SSFFVNGLTLGGQK,P62963
SSLSSAQADFNQLAELDR,A0A0G2JZ69
STELLIR,M0RBX6
SVHSLISDFKDPPTAK,P61765
TAFDEAIAELDTLNEDSYKDSTLIMQLLR,P68255
TANLGAGAAQPLR,A0A0G2K151
TEGHEEKPLPPAQSQTQEGGPAAGK,Q63560
TFEGVDPQTTSMR,P50398
TFVSITPAEVGVLVGK,P62963
TGYTLDVTTGQR,M0R735
TPPGSGEPPK,D3ZKD9
TTLQVDTLNTELAAER,G3V9Y1
TVLSNVQEELDR,Q5D023
TVSGVNGPLVILDHVK,P62815
TYEQVLENLQSK,P24329
VAAYAAQLEQYQK,F8WFM2
VEQDLAMGTDAEGEK,P61765
VESLEQEAANER,Q6P6Q5
VFLENVIR,P62804
VGEQAQVVIIDMNDPSNPIR,F1M779
VGWEQLLTTIAR,A0A0G2K5U9
VIAINVDDPDAANYHDISDVER,F7EPH4
VISQTNLITTVTPEK,G3V874
VLTPELYAELR,P07335
VLVTGAAGQIAYSLLYSIGNGSVFGK,O88989
VNFHFILFNNVDGHLYELDGR,Q00981
VNFTVDQIR,P05197
VNLQGDIVDR,A0A0G2JSM7
VPTPNVSVVDLTCR,M0R590
VQVALEELQDLK,M0R9X8
VSEEAESQQWDTSK,G3V6S0
VSLAVLNPYIK,Q06647
VSQPIEGHAASFAQFK,F1M779
VVELLADIVQNISLEDSQIEK,Q68FY0
YENNVMNIR,P63329
YESLTDPSK,P34058
YIAIVSTTVETK,P50399
YLIANATNPESK,P68255
YQDLGAYYSAR,D4A0T0
AALQEEEQASK,Q9WV63
AAVPSGASTGIYEALELR,M0R5J4
ADDPTMGEGPDK,P61765
AEEPSEAVGEK,P30009
AETMTVSSLAIR,D4A9L5
AEVQMEFIQLPK,F1LNK0
ALQFLEQVK,Q3MHS9
APSVSTTNPSQGEDLK,A0A0G2K0M8
AQIQAQKPSIDVVYYNK,Q9JHY2
AQLGVQAFADALLIIPK,Q3MHS9
ATSASSHLNK,P09606
AVDSLVPIGR,P15999
AVVVNAAQLASYSQSK,G3V6H5
DAGMQLQGYR,P00507
DFQEPLPQK,G3V7U2
DIKPENLLVYEHQDGSK,A0A1W2Q6Q2
DIMEDTIEDK,P61765
DSPSVWAAVPGK,P62963
DVSTTLNADEAVAR,Q66HA8
DYIDISVAVATPR,G3V6P2
EAIVTSEELGQDLEHVEVLQK,A0A0G2JZ69
EANELQQWINEK,A0A0G2JZ69
EDMAALEK,Q6P9V9
EDTEEYNLR,Q6URK4
EELYQNLTR,A0A0G2JZ69
EEPASGGAATPAAADK,P30009
EESESVLTLK,P63329
EHALLAYTLGVK,M0R757
EQQIVIQSSGGLSK,F1M953
ESSDSTNTTIEDEDAK,G3V9G3
EVVAGSHELGQDYEHVTMLQER,G3V6S0
EYTDLEVSDK,F1LQN3
FASEIAGVDDLGTTGR,Q66HF1
FDETTADGR,P55053
FEFEQDLSEK,A0A0G2JVH4
FFIDTSIILFLNK,P59215
FGGSGSQVDSAR,Q4FZT9
FISADQSVALGELVK,D3ZC55
FLESEFSSENLR,D3ZWG2
FLQEYFDGNLK,A0A0H2UHM5
FQLLEGPPESMGR,P50398
FQMPDQGMTSADDFFQGTK,P47942
FTVLTESAAK,P19527
FVEEIIEETKVEDEK,P12839
FVVQNVSAQK,Q66HA8
FYTDPVEAVK,B2GV06
GADSGLLTEPVIR,F1M9N9
GDLGIEIPAEK,P11980
GIPEFWLTVFK,G3V6H9
GIRPAINVGLSVSR,P15999
GLQTSQDAR,P18418
GLSSVPEVAEVETTTK,F1LNK0
GMGGAFVLVLYDEIK,Q6P9Y4
GNFGGSFAGSFGGAGGHAPGVAR,F1LV13
GNNTTSLLSQSVAK,P32551
GNPTVEVDLYTAK,M0R5J4
GPDSGAEVEK,G3V7U2
GQNEDPGSLLTQFR,A0A0H2UHQ0
GSPSTVSSSYK,P12839
GTAGVVPVVPGEVEVVK,P21708
GTGGVDTAATGSVFDISNLDR,Q5BJT9
GVTQIDNDLK,Q5FVI6
HFISGDEPK,P13233
HNHDLSSYQDTIQQLENELR,P12839
IASLEVENQNLR,Q68FR9
IEVGLVVGNSQVAFEK,F1LQ81
IITITGTQDQIQNAQYLLQNSVK,Q5D059
ILEDNSIPQVK,A0A0G2KAM3
ILSISADIETIGEILK,Q5D059
ILVNSQYTASVFK,G3V6U3
IQEITEQLDITTSEYEKEK,P63039
ISNAEPEPR,G3V9Z6
ISVYYNEATGGKYVPR,P69897
IVATKPLYVALAQR,Q9EPH8
KGEGDAAPSEEK,P07936
KPTEFIGGVSSTTQSWVQK,G3V874
LADLFGWSQLIYNHITTR,A0A0G2JSM7
LAGGDWFTSR,Q5XI34
LATLGGSQALGLDR,Q9JKB7
LDLVSYFGK,P13233
LDVTSVEDYK,Q68FQ0
LEQEQEGEK,F8WFS9
LFVLFGAEILK,Q9EQS0
LGGSPFGPAGTGK,M0R9X8
LLLGAGAVAYGVR,A0A0G2KB63
LLLLGAGESGK,P59215
LLSTSPALQGTPASR,O35095
LMEVEQDQR,Q63092
LTDFNFLMVLGK,F1LS42
LTDSQNFDEYMK,P55051
LTPITYPQGLAMAK,A0A0G2K0X4
LVAIVDVIDQNR,F1LSW7
LVDFGVSAQLDR,D3ZZQ0
LYPATEYEISLNSVR,F1LQ63
LYPEGLAQLAR,Q5M7T6
MHTTFEHDIQALGTQVR,G3V6S0
NFITQGPYENR,P62815
NHQSVAEYNIFEGMELR,Q62952
NKDQGTYEDYVEGLR,A0A0G2K6J5
NNSAIDSGINLTTDTSK,P11506
NVDVEFFK,F1LRL9
PHPYPALTPEQK,P05065
QALSEIETR,P32851
QLITDLVISK,G3V733
QPAENVNQYLTDSK,Q5U300
QTLQSATVEAIEAEK,P20651
REPLPSLEAVYLITPSEK,P61765
RGFAFVTFDDHDTVDK,Q6URK4
RPLIDQVVQTALSETQDPEEVSVTVK,F1M779
SAAEVIAQAR,P47942
SAGGDFGNPLRK,A0A0G2JT78
SDFDPGQDTYQHPPK,Q9ER34
SFYPEEVSSMVLTK,P63018
SLSAVLSAELSK,F1LQN3
SLSQNYGVLK,A0A0G2JSH9
SSGPTSLFAVTVAPPGAR,Q6IMY8
SSYYVVSGNDPAAEEPSR,F1LRL9
STAISLFYELSENDLNFIK,P05197
SVDPTLALSVYLR,F1M779
TAEGQALSEAR,A0A0G2K6A9
TASLTSAASIDGSR,A0A0G2JSU4
TAVVVGTITDDVR,A0A0H2UHS7
TDLTDYLSR,Q68FY0
TDYNASVSVPDSSGPER,Q5D059
THDLYIQSHISENREEIEAVK,Q9JKB7
THINIVVIGHVDSGK,M0R757
TIAQDYGVLK,A0A0G2K3Z9
TLQTLSSEK,A0A1W2Q6Q2
TPEEGGYSYEISEK,F1LRL9
TTEAAATAVGTAAVAAAAGVAASGPAK,F1LRL9
TTPSVVAFTPDGER,F1M953
TTVGVDGSLYK,P05708
TVLNSFLSK,Q06647
VAEDEAEAGVK,A0A0H2UHQ0
VALTGLTVAEYFRDQEGQDVLLFIDNIFR,G3V6D3
VDENNPEYLR,A0A0G2JSM7
VFEGNRPTNSIVFTK,Q6P6V0
VGFYVNTFQSIAGLEENFHK,F1LMX1
VIDFDENTALDDTEEESFR,Q62703
VPEAGESLATR,G3V7U2
VQDDEVGDGTTSVTVLAAELLR,Q5XIM9
VQQTVQDLFGR,F1M953
VSAFENPYVDAIK,D4AE68
VVPGYGHAVLR,G3V936
VVSSIEQK,A0A0G2JV65
YQNLLNEFSR,A0A0G2K9X3
YVELFLNSTAGASGGAYEHR,A0A0G2JTG7
AAAQLLQSQAQQSGAQQTK,A0A0G2JUL7
AAFDDAIAELDTLSEESYKDSTLIMQLLR,P62260
AAGVNVEPFWPGLFAK,P19944
ADVQSIIGLQR,O08629
ADYAQLLEDMQNAFR,D4A133
AEITDAEGLGLK,D4A8U7
AENSSLNLIGK,F1LQ81
AENYDISPADR,Q5U300
AGAGSATLSMAYAGAR,P04636
AGEEEPGEPFEIVER,F1M9N9
AGFAGDDAPR,A0A0G2K3K2
AGGAFDPYTLVR,Q62876
AGPESDGQFQFTGIK,Q9JJW3
AGSDTELAAPK,P12785
AGTGVDNVDLEAATR,O08651
ALAQEDQSAGEVER,F1MA36
AMGVVVATGVNTEIGK,P11507
AQAALAVNISAAR,Q3MHS9
ASLYNAVTTEDVEK,E9PSV5
ATPYNYPVPVR,M0RB63
AVAFQNPQTR,P32551
DAGPLLISLK,Q91ZN1
DATNVGDEGGFAPNILENK,M0R5J4
DDQITLDEFK,P62762
DDVDATESAPADR,G3V874
DHTEIVFAR,P06686
DLASVNNLLK,A0A0G2JZ69
DLFSDGHSEFLK,A0A0H2UHM5
DLSLEEIQK,P13668
DMIDLEANFEK,Q2I6B2
DTDSEEEIREAFR,P0DP31
DTEQTEPEQR,G3V7U2
DVLSVAFSSDNR,P63245
DVNAAIATIK,Q6P9V9
EADIDGDGQVNYEEFVQMMTAK,P0DP31
EAELGPENTAAR,G3V7U2
EAGSAIEAEELVR,F1M4R7
EDLVFIFWAPESAPLK,P45592
EDSAYFTGILQK,Q64548
EEASDYLELDTIK,A0A0A0MY09
EEQELHDIHSTR,Q812E9
EGNDLYHEMIESGVINLK,G3V6D3
ELEEIVQPIISK,P06761
ELFEADPER,Q6P6V0
ELHINLIPNK,P82995
ELIFEETAR,P63086
ELQYIDAISNK,Q6GMN2
EMGEAFAADIPR,D3ZUY8
ENGINGELTSADRETAEEVSAR,F1LNK0
EPVDIIEGVK,F1LM47
ESSESTNTTIEDEDTK,P11275
ETTDTDTADQVIASFK,A0A0G2K5U9
FANEITPITISVK,P17764
FANLNEQAAR,P23565
FAQHGTFEYEYSQR,A0A0G2K8K0
FATEAAITILR,P28480
FEIWDTAGQER,B0BNK1
FLVYVANFDEKDPR,P50399
FQDNLDFIQWFK,M0R8A4
FQFFQR,A0A0G2JZ69
FQSTDVAEEVYTR,Q9JKB7
FQSVPAQPGQTSPLLQYFGILLDQGQLNK,F1M779
FSWGAEGQKPGFGYGGR,P02688
FTAGDFSTTVIQNVNK,Q6P503
GASSSSGVVVQVR,D4A4F9
GDQILSVNGVDLR,P31016
GDREQLLQR,P68511
GGQDNIPVLK,P06687
GIVAPSVEAFDK,P52481
GLSYETTESPRPVGQAADRPK,Q64548
GLTSVINQK,P42123
GMGGAFVLVLYDEIKK,Q6P9Y4
GNYLVDVDGNR,P50554
GPGPGGPGGAGGAR,Q04940
GVSFTFGADVVSK,P62142
GYISPYFINTSK,P63039
HAVVNLINYQDDAELATR,A0A0G2JT93
HQLLEADISAHEDR,A0A0G2JZ69
IAQPNYIPTQQDVLR,P10824
IAVGSDSDLVIWDPDAVK,Q62952
IDDLQMVLNQTEDHR,Q2I6B2
IDESSLTGESDQVRK,P11506
IEWLESHQDADIEDFK,P06761
IGSLDNITHVPGGGNK,D3ZKD9
IIDVVYNASNNELVR,P62243
IITLQEEMER,A0A0G2K6A9
ILDSVGIEADDER,D4A4D5
IQPGNPNYTLSLK,P62944
IRHVISYSLSPFEQR,Q7TQ16
ITITNDQNR,P06761
ITPELLTR,P05708
IVFLEESSQQEK,Q9JKB7
IYELAAGGTAVGTGLNTR,P14408
IYTSIGEDYDER,P67779
KHLEINPDHSIIETLR,P82995
LAAVDATVNQVLASR,A0A0G2JSZ5
LALFNPDVSWDR,B2RZD6
LDQLTTNSAR,P47819
LFIGGLSFETTEESLR,F1LNF1
LGLALNFSVFYYEILNSPEK,A0A0G2JV65
LLFEGAGSNPGDK,Q5M7T6
LNLGTVGFYR,F1M9V7
LSDSYSNTLPVR,Q6GMN2
LSISALFVTPK,P13233
LSQIGVENTEENR,P09117
LTAALLESTANVK,A0A0H2UI35
LTALPDYTLTLR,D3ZDC0
LTTLELLEVR,G3V6S0
LVPGGGATEIELAK,D4ACB8
LYLVDLAGSEK,G3V6L4
MATDPENIIK,P07825
MSDGLFLQK,F1LNF7
MVTGDNINTAR,P11506
NAGQTVTIIAQYKPEEYSR,P31016
NELESYAYSLK,P06761
NFDFEDVFVNIPR,Q5BK63
NGLTLIELWEGLTVDDIRK,B2GV06
NLINQMLTINPAK,G3V9G3
NMQNAEEWFK,P19527
NNIPYFETSAK,P09527
NYTDNELEK,P10860
PADEIAVDR,P85845
QEAFLLNEDLGDSLDSVEALLK,A0A0G2JZ69
QETEVELYNEFPEPIK,P09527
QFAEENGLLFLEASAK,B0BMW0
QLVEQVEQIQK,Q5I0E7
QNDVFGEADQ,P50398
QTITAQNAAVQAVK,A0A0G2JVH4
QTTAAAAATFSEQVGGGSGGAGR,P09951
QVAQQEAER,P67779
QVVAVTGDGTNDGPALKK,P11506
RADQLADESLESTRR,P60881
RLPASDGLDLSQAAAR,P23565
RLTGFHETSNINDFSAGVANR,P09606
RPAIFTYHDVGLNYK,A0A0G2JSU4
RVEAAQETVADYQQTIK,D4A8U7
SADTLWGIQK,P04642
SANGFPYREEEEGAFGEHGSQGTYSDTK,F1LNK0
SDTSTPPSPK,P35565
SEIGIAMGSGTAVAK,P11507
SELEQLR,P54313
SGHFEQAIK,G3V6S0
SPIYSFIGGEHFPR,P97710
SQGGEPTYNVAVGR,D3ZDU5
SQLLILDR,P61765
SSFSYEPYFSTSYK,P19527
STILYAGNDK,P32736
SVLSQAEEATVGHTEEATVIQAQSQAK,F1LPP6
TAHSFEQVLTDITDAIK,A0A1W2Q6Q2
TEAPAAGPEAK,Q05175
TEYLSNADER,M0R9X8
TEYSVAVQTAVK,Q568Z9
TITFEQFQEALEELAK,D3ZQL7
TMEAVQGLLEQGR,P12785
TNIVTASVDAINFHDK,F8WG67
TPALSPQRPLTTQQPQSGTLK,G3V733
TPEVSGYTYEK,F1LRL9
TPLVSVLLEGPPHSGK,F1LQ81
TPQASTYSYETSDR,F1LRL9
TQYNQVPSEDFER,Q9R066
TSPNEGLSGNPADLER,P11505
TTATSGESAQAPSAFK,F1LNK0
TVIIEQSWGSPK,P63039
VAEELALEQAK,D3ZUX5
VAVVNQIAR,G3V6S0
VDYGGVTVDELGK,P31044
VEDVEALDQK,G3V6Y6
VLEALLPLK,P12785
VLETTVEIFNK,G3V8A5
VLLVIDEPHTDWAK,P09951
VSEQTLQSASSK,D4ABN3
VVEDIEYLNYNK,Q561S0
VVEGSFVYK,P50398
VVNVIPVIAK,F1LMH0
VVSNTIEPLTLFHK,G3V7U2
YATALYSAASK,Q06647
YDDEDISEDIK,A0A0G2K9J2
YHVPVVVVPEGSASDTQEQAILR,A0A0G2K757
YIFTLR,F1LQ81
YLFLGDYVDR,P63329
YTALVDAEEK,P31399
AAAVLPVLDLAQR,P19234
AADHVEDLPGALSTLSDLHAHK,P01946
AANEVSSADVK,Q62813
ADIGIAMGISGSDVSK,P06686
ADQLADESLESTRR,P60881
AEAGDNLGALVR,P85834
AEEDEILNR,P35565
AENFFILR,B2RZ72
AGALNSNDAFVLK,Q68FP1
AGIISTVEVLK,F1M9V7
AGRPAVAASSK,B2RYS2
AGTFQAFEQFGQQLLAHGHYASPEIK,A0A0G2JZ69
AGVLAGHDNR,P54311
AGVNTVTTLVENK,F1M013
AIFTGYYGK,P13233
ALIESYQNLTR,A2VD09
ALQGASQIIAEIR,O35303
APTAQVESFR,A0A0G2K1L0
APTSDEIHITVGEAR,P63319
AQQEAEAAQR,Q1RP74
ASALIDRPAPYFER,G3V874
ATGAEEYAQQDVVRR,P13233
ATISNDGATILK,D4AC23
ATPEPSSTLSSDTVSR,Q91ZN1
ATVVESSEK,P61983
AVCMLSNTTAIAEAWAR,Q6P9V9
AVFPSIVGR,A0A0G2K3K2
AVFPSIVGRPR,A0A0G2K3K2
AVPQLQGYLR,F1LQS3
AVVGEEALTSDDLLYLEFLQK,P62815
AYHEQLSVAEITNACFEPANQMVK,Q6P9V9
DGEYVVEVR,Q63198
DGLAEEVQR,P23565
DIKPQLELIEDEEK,F1LRL9
DITYFIQQLLR,A0A0G2K1C0
DLEAQIEAANK,G3V9Y1
DLEIERPILGQNDNR,Q6AYR2
DMTSEQLDEILR,P06686
DQLQTFSEEHPVLLTEAPLNPR,P85515
DSVVAGFQWATK,P05197
EAEAAEPEQPEQPEQPAAEEPRAEEPSEAVGEK,P30009
EAEAAVFHR,P11980
EAFSLFDK,P0DP31
EATEDVAPQGPAGEK,O08838
EEEDKEDEEKPK,P34058
EEEEQETQEK,P12839
EIDQEAAVEVSQLR,P20788
EINTNQEALK,Q2I6B2
ELDFTEEQIHQIR,F1M9N9
ELDLYDNQIK,Q5HZV9
ELGGEVFYVGPAR,G3V8R2
ELNDFISYLQR,A0A0H2UHM5
EMAEAFAGEIPK,Q66HM2
ETWLSENQR,G3V6S0
EVGVYEALK,O88989
FAIQDISVEETSAK,A0A0G2K5U9
FAQEAEAAR,F1LRZ7
FEEHVQSVDIAAFNKI,Q68FR9
FFLEEIQLGEELLAQGDYEK,Q62760
FGNPLLVQDVESYDPVLNPVLNR,M0R9X8
FNASQLITQR,A0A0G2KB63
GAVPYVQAFDSLLANPVAEYLK,Q08163
GDEELDSLIK,A0A0A0MXW3
GEEEEIEAEGEYDK,F1LNK0
GEGDAAPSEEK,P07936
GFGFGQGAGALVHSE,P47875
GGDLFDAITSSTK,E9PSS1
GGGGPGGEQETQELASK,Q68A21
GHYTIGKEIIDLVLDR,Q6P9V9
GIAGLGDVAEVR,G3V6Y6
GIFEALRPLETLPVEGLIR,M0R9X8
GISPVPINLR,P21575
GLVVPVIR,G3V6P2
GVDLQESNPASR,B0BNK1
GVSGDREENSFSLNSSISSAR,F1LNK0
GVVDSDDLPLNVSR,A0A0A0MY09
HALVEADIAIQAER,G3V6S0
HIFSDDSSELTIR,A0A0G2K0M8
HNLQDFINIK,F1LRL9
HQQLLEEK,G3V9Y1
HSAEVAGYQDSIGQLESDLR,P23565
HVPGGGSVQIVYKPVDLSK,D3ZKD9
IAVGSDADVVIWDPDKMK,Q62950
IDGITIQAR,A0A0G2JZ69
IIHEDGFSGEDVK,P59215
ILEMGITGPEGHALSRPEELEAEAVFR,Q62950
IPQSTLSEFYPR,P62815
IQFNESFAEMNK,P10888
ISFNLGAAEEVER,P62024
ISSLLEEQFQQGK,P62243
ITPENLPQILLQLK,A0A0G2JSR7
IVATTLSNPELFK,P13221
IVITGDAALDHDQALAQAIR,D3ZDT1
IVSRPEELREDDVGTGAGLLEIK,Q6P502
IWHHTFYNELR,A0A0G2K3K2
KEDGTFYEFGDDIPEAPER,F1LPV0
KIPNPDFFEDLEPFR,P35565
LAEISDVWEEMK,G3V6S0
LALEETGTEVK,O35095
LASDLLEWIR,A0A0G2K5U9
LATNAAVTVLR,D4ACB8
LATTVSAPDLK,A0A0G2JW88
LDLMDEGTDAR,P21575
LEEGPPVTTVLTR,F7FKI5
LFEGNALLR,P29314
LFIGGLNTETNEK,P84586
LFIGGLNVQTSESGLR,F1M3H8
LGEYGFQNAVLVR,P02770
LGFSEVELVQMVVDGVK,P07335
LGIQAEPLYR,G3V7U2
LGLQNDLFSLAR,F1M9V7
LIFDNLK,P06687
LISEEGVDSLTVK,Q5XIN6
LISLTDENALAGNEELTVK,A0A0A0MY09
LLDPEDISVDHPDEK,G3V6S0
LLEETQAELLK,Q9QXY2
LLQDFFNGK,P63018
LNLDSIIGR,P62138
LQAEAPHIVVGTPGR,Q5RKI1
LQALDTGWNELHK,G3V6S0
LQTAPVPMPDLK,D3ZKD9
LQVAGEITTGPR,F1LX07
LSDLLAPISEQIQEVITFR,Q08163
LSLEEFIR,Q5PQN0
LSNVSSSGSINLLESPQLATLAEDVTAALAK,F1LNK0
LSPYVNYSFR,Q6PW38
LVEDHLAVQSLIR,Q5XI78
LVPEAAEITASVK,A0A0G2K6A9
MDSTEPPYSQK,M0R757
MLQLVEESK,P60881
NAENAIEALK,P11507
NFILDQTNVSAAAQR,Q6IMY8
NILLTNEQLENAR,Q6AYS2
NLHQSGFSLSGSQADDHIAR,F1LNT0
NLHQSNFSLSGAQIDDNNPRR,Q62950
NLTNPNTVIILIGNK,B0BMW0
NNIALALEVTYR,P19511
NVGLDIEAEVPAVK,D4ACB8
NYNQPSEVTDRYDLGQVVK,Q63092
QASPSIVIALAGNK,A1L1J8
QASQAGPGPR,P09951
QFYDQALQQAVMDDDANNAK,Q6P9V1
QGQETAVAPSLVAPALSKPK,Q66HR2
QIGENLIVPGGIK,F1LNT0
QIGNVAALPGIVHR,Q6AYT3
QLIVELVVNK,P09951
RATVVESSEK,P61983
SATYVNTEGR,Q66HF1
SEPIPETNEGPVK,A0A0H2UHM5
SGQVLEVSGSK,P62815
SILTEQLETIPK,F1LNK0
SIQADGLVWGSSK,B5DEN5
SLAENYFDSTGR,Q9QX69
SLEDALNQTATVTR,A0A0G2JVH4
SLFSSIGEVESAK,B5DF91
SPSSEEVQGENAGR,F1M084
SPTSSPTPQR,P21575
STLLELFGQIER,D3ZQ02
SVILEAFSSPSEEVK,P97536
SVINLLFAAYTGDVSALRR,P13264
SVPVEGESELVTAAK,P41542
TAAYVNAIEK,P10860
TASGVTQLADIYEK,Q9ERS3
TFDEIASGFR,A0A0G2K2S2
TFTVSSTLDFR,A0A0G2K5U6
TGENVEDAFLEAAKK,B0BMW0
THINTVVAK,Q64548
TIHQEDELIEIQSDTGTWYQR,Q02563
TIQNNFFDSSK,D4ABN3
TLASAGGPDNLVLLDPGK,A0A0G2JSM7
TLESVDPLGGLNTIDILTAIR,O35303
TPIGSFLGSLASQPATK,P17764
TPTTILLTPER,D3ZC55
TTYLVLDEADR,Q6AYI1
TVTYEDPQAVGGLASALDNRK,A0A0G2K9L2
TYSWDNAQVLLVGNK,P63012
VAEVLFDAADANAIEEVNLAYENVK,M0R9X8
VAGEGLAVDYAFSR,D4AE00
VALIGSPVDLTYR,Q66HF1
VALTGLTVAEYFR,G3V6D3
VANVELYYK,F1M779
VDATEESDLAQQYGVR,P04785
VDDNEETIK,P39069
VDLVDENFTELR,D3ZXS8
VDNEFDQR,M0R9X8
VDQDQNVVHPQLLSLTSQLK,D3ZGI9
VEEHEETFEEK,P12839
VESISVGSVSPGGVK,G3V874
VFDGGVVDDESYEIR,A0A0G2K876
VGGVQSLGGTGALR,P13221
VHLTDAEK,P02091
VLLLSQDYGK,G3V6S0
VLSRPNAQELPSMYQR,A0A0G2KB63
VLYAYGYYTGDPSK,D4ADS4
VNDTIQIDLETGK,X1WI37
VQIAVANAQELLQR,P62076
VQIVYKPVDLSK,A0JN25
VSIEETVAKEEESLK,F1LNK0
VTLSFPSTLQTGTGTLK,F1M9V7
VTVTPAPETTENFQDLGSTSSLGPGISGPR,D3ZSY8
VVIFQQEQENK,P36876
YDEEITSLYR,G3V6L4
YGGTFQNVSVK,Q66HM2
YGPVSVADTTGSGAADAK,B5DEN5
YIEDAIGESAK,Q62634
YQLLQLVEPFGVISNHLILNK,A0A0G2JSR7
AAAAAAGPEMVR,P63086
AAASTDYYK,F7FKI5
AAIENYVLTYK,F1LQ63
AAIISAEGDSK,P67779
AAPAAAAAAPPGPR,P08461
AEAVPEEEASSSVATLER,O35274
AFSDPFVEAEK,F1LRV4
AFVHWYVGEGMEEGEFSEAREDMAALEK,Q6P9V9
AGPNIYELR,G3V728
AIEMLGGELGSK,P14408
ALDTMNFDVIK,Q9EPH8
ALVFQPVTELK,Q52KS1
ANEVEQMIR,M0R9X8
ANTFVAELK,P04636
APFDLFENK,P34058
APGDAEGATAEAAK,Q2IBD4
AQFEGIVTDLIK,F1M953
AQILPIR,F1M779
ASALEQFVNSVR,Q68FW9
ASVEDADTQNK,A0A0G2JUC7
ATLQEVVGLR,A0A140TAA1
ATVNLLGDEK,B2RZ37
AVAALLTIPEAEK,P97536
AYLESEVAISEELVQK,F1LQN3
DADGVLEADDTGIAPGSPR,F1LMY3
DFPLTGYVELR,D3ZG43
DFYMTDSISR,Q66HF1
DICNDVLSLLEK,A0A0G2JV65
DIEEIIDELR,P19234
DLIGVQNLLK,A0A0G2JZ69
DLMVGDEASELR,Q5M7U6
DQGGSGEGLSR,F1LNK0
DSDSILETLQR,P19234
DSLLQDGEFTMDLR,P62963
DTGILDSIGR,P02688
DTNGSQFFITTVK,P24368
DTQLITVDEK,Q5XIF3
DVNAAIAAIK,Q5XIF6
EAESSPFVER,A0A0A0MY09
EAINQGMDEELERDEK,A0A0G2KAM3
EAIVSQAEEAIVGHTEK,F1LPP6
EATDPRPYEAENAIESWR,Q3T1K5
EDIAINGEVEGKEEEEQETQEK,P12839
EEGLNAFYK,G3V741
EELEELMSDIK,P32851
EGNASGVSLLEALDTILPPTRPTDKPLR,P62632
EGSSIGAIDSK,G3V936
EGSSVTEAAK,G3V874
EIDEYITQAR,A0A0G2K1L5
ELEQFTQVSK,D4A0T0
EMLSSTTYPVVVK,P09951
EQFLDGDAWTNR,P18418
EQPLDEELKDAFQNAYLELGGLGER,P06685
ESYSVYVYK,M0R4L7
ETDLLLDDSLVSLFGNR,A0A0G2JSS8
ETVLSQAEEVK,F1LPP6
EVESIGAHLNAYSTR,Q68FY0
FADLTDVASR,P47819
FASFIER,P19527
FATASADGQIFIYDGK,Q5RKI0
FDLMYAK,Q6P9V9
FELTGIPPAPR,P63018
FESAFLSHVVSQHQSLLGNIR,P15999
FGDLSSASAIMGNPQVK,P11517
FGIDDQDYQNSVTR,O88377
FGVEQDVDMVFASFIR,P11980
FIEAGQYNSHLYGTSVQSVR,P31016
FLSDFRDLMSWINGIR,A0A0G2JZ69
FLSDPQVHTVLVER,M0R9X8
FQLQATTQQGPGEAIVR,D3ZPC4
FQQTSFYGR,Q8CFD0
FYDANYDGKEYDPVEAR,M0R8A4
GAELEYESLK,A0A0G2K9X3
GAYDAQGTLSK,P02688
GDDLSTAILK,P46462
GELVPLETVLDMLR,P39069
GFGFVTFDDHDPVDK,F1LNF1
GGGGPGSFQPAPR,Q68A21
GGNFGFGDSR,F1LNF1
GIYTGLSAGLLR,G3V6H5
GLFPENFTR,O08838
GLSATVTGGQK,P60203
GLTPTGMLPSGVLSGGK,P63329
GPIQLSADAR,Q63560
GPQYGSLER,Q9Z0W5
GSDVIIMLVGNK,A0A0G2JT78
GSHSQTPSPGALPLGR,P09951
GSTAPVGGGSFPNITPR,A0A0G2JSZ5
GTIQVVTQGTSLK,O08651
HIDLVEGDEGR,P05708
HLNLAENSSYIHVYR,Q9Z0W5
HLQAVDYAAR,Q02563
IATVGYLPTQQDVLR,G3V6Q6
IDESSLTGESDHVK,P11505
IDVESTELASSESPQAAELEAGAPQEK,O08838
IEDVTPIPSDSTR,Q6PDV6
IEELDQENEAALENGIK,A0A0G2JSR7
IEPELDGSSAVTSHDSSTNGLIGFIK,Q6P6V0
IFGVTTLDIVR,P04636
ILFRPVASQLPR,P67779
INVNEIFYDLVR,Q62636
IQTQMDVVNAFQSGGSIQGALR,P11505
IVLELFADIVPK,Q6DGG0
IVNDDQSFHADLYVEDGLIK,F1LNT0
IVQLLAGVADQTK,F1LX07
KDDTDDEIAK,P35565
KELEEQLGPVAEETR,A0A0G2K151
KEPTQADGEDQILDKEDTLPEEESR,D3ZDT1
KGVNLPGAAVDLPAVSEK,P11980
KLSDDNTIGQEEIQQR,A0A0G2JZ69
LAALADQWQFLVQK,A0A0G2JZ69
LADVYQAELR,P47819
LAPPLVTLLSGEPEVQYVALR,P62944
LASVPAGGAVAVSAAPGSAAPAAGSAPAAAEEK,D4A4D5
LDGETASDSESR,G3V8W2
LDILDQER,A0A0G2JZ69
LENLVYYNR,Q63092
LEQELFSGGNTGINFEK,A0A0G2K719
LFGAAEVQR,A0A0G2JZ69
LGEVQTGWEDLR,F1MA36
LGQSDPAPLQHQVDVYQK,G3V826
LIDDYGVEEEPAELPEGTSLTVDNK,F1LPS8
LIEDNEYTAR,A0A0G2K2E3
LIQALALQGDVK,F1LM33
LLAVNNTNLQDVR,Q62936
LLDAVDTYIPVPTR,P85834
LLLLGTGESGK,D4AE68
LLNDEDQVVVNK,A0A0G2JT93
LLNTFLER,M0R9X8
LLSDISTALR,D3ZCL8
LLSTDPVTAK,P62944
LNQDQLDAVSK,A0A0G2K8H0
LPSSFAEPLDK,F1LNK0
LQAEIFQAR,A0A0G2K151
LQGVLDSTLNSK,Q62717
LQSSDGEIFEVDVEIAK,A0A0G2K4X8
LSNIFVIGK,X1WI37
LSVDYGK,Q6P9V9
LTNLEGVYNSETEK,A0A0G2K9X3
MLSAGVTETVLK,A0A0G2K1D2
NEIDSTLTFR,P21913
NEIPEEALYK,P11505
NLEQISANITK,Q52KS1
NLLLAEVINIIK,P50554
NMLFSGTNIAAGK,P11507
NPSEVPSGEDR,Q6RJR6
NQWQLSLDDLKK,P13233
NVADYYPEYK,Q5M7T6
NVETMNYADIER,G3V6P2
PAINVGLSVSR,P15999
QAASSLQQASLK,F1M953
QEADEATLAR,P47819
QGELENYVSDGYK,Q6GMN2
QGPPLQQRPPPQGQQHLSGLGPPAGSPLPQR,P09951
QLETIDQLHLEYAK,A0A0G2K5U9
QLSDIEER,P12839
QNFIDPLQNLHDK,O35179
QSVLNVAGETGGK,P31662
QVLALQSQLADTK,G3V9Y1
RADQLADESLESTR,P60881
RDPTANEDPEWILVEK,Q62703
REIQGLFEEDIADK,F1LNK0
RIEGSGDQIDTYELSGGAR,P21575
SAADLISQAR,Q62952
SAALLLQNDHNADVQSK,F1M9N9
SALFAQLNQGEAITK,P52481
SDSETEGLVFAR,D4A9L5
SELTDSASVLDNFK,G3V6L8
SLQQLAEER,A0A0G2JZ69
SLTNDWEEHLAVK,P82995
SPPAVQQDNVDEDLIR,Q5U300
SQVETEDLILKPGVVHVIDIDRGDEK,A0A0H2UHZ1
SREYQLNDSAAYYLNDLER,P04897
SSNTYTLTDVR,O35112
SSVAVLTQESFAEHR,Q3KRF2
SVIEPLPVTPTR,P35465
SYELQESNVR,A0A0G2JUL7
TELEDTLDTTAAQQELR,G3V9Y1
TFITQQGIK,A0A140TAH5
TGDFQLHTNVNNGTEFGGSIYQK,P81155
TGELEQEVVSR,Q9JHL4
TGTVPLEVR,P12785
THIETVINALK,Q66HM2
TIQAHDVGGYYYEK,F1LRL9
TITVALADGGRPDNTGR,P50475
TLNDELEIIEGMK,P63039
TLQIFNIEMK,F1M779
TLSDYNIQK,F1LU69
TLVMAVYDFDR,P21707
TSTDFSDVIK,F1M9N9
TTKPYPADIVVQFK,Q63198
TVATPLNQVANPNSAIFGGAR,Q5XI72
TVGMVAGDEETYEVFAELFDPVIQER,Q5BJT9
TWGDAGAAAGGGTPSK,P12369
VADPDHDHTGFLTEYVATR,P63086
VDREQLVQK,P61983
VDVSPTSQR,Q9ER34
VELQELNDR,G3V8C3
VFNLYPR,P47942
VGESFEETLEETVVSTKK,P23565
VGHSELVGEIIR,D4A133
VHLIVQVSPK,G3V964
VHQLETQNR,P23565
VISFEEQVASIR,Q68FS2
VLANPGNSQVAR,F2Z3Q8
VLPSITTEILK,P67779
VLTEIIASR,P14668
VLVDQTTGLSR,B5DF91
VNIIPLIAK,F1LMC7
VSTADSTQVDGGAPAAK,D4A9L5
VSTAVLSITAK,A0A0G2JTW5
VTVNYPPYISEAK,G3V964
VVNGPEILNK,F1LQ81
VVYSTLAGEQYHEVLVPK,F1LQ63
YEGSGDGGAAAQSLYVANHAY,P09117
YGSGEPSPVSETVVTPEAAPEKNPVDVR,D3ZPC4
YLGLYNDPNSNPK,F1LX07
YQVGVHYELTEEEK,M0R9X8
YRDNYEGYAPNDGYYR,Q63564
YYTSASGDEMVSLK,P82995
AAALEFLNR,O35814
AAEEPQQQK,B2RYG6
AALAGGTTMIIDHVVPEPESSLTEAYEK,Q62952
AALPAGEGESPEGAK,O08838
ADLEEQLSDEEKVR,Q3T1K5
AEDGAAPSPSSETPK,P30009
AEPEDHYFLLTEPPLNTPENR,A0A0G2K1C0
AFDQGADAVYDYINEGK,A0A0G2K8Q8
AGEQDASIHLK,A0A0G2K0M8
AGLQFPVGR,D4ACV3
AILAELTGR,F7FKI5
ALALVPGTPTR,G3V7U2
ALASIHSQLQGLER,P0C5X8
ALDEYYDK,D4A133
ALLLSTYIK,Q66HM2
ALLPTEQESR,D3ZB78
ALMLQGVDLLADAVAVTMGPK,P63039
APGDEEAQVENLITTNAAEPQKAEN,Q91XV6
APILIATDVASR,Q6AYI1
APQETYADIGGLDNQIQEIK,P62193
APVIDADKPVSSQLR,M0R9X8
AQIWDTAGQER,A0A0G2JZR4
AVQLYQQTANVFENEER,A0A0G2K350
AYDLVVDWPVTLVR,D4A0T0
DDFLQQNGYTPYDR,D4A133
DEAAAAPEPGAATADKEAAEAEPAEPGSPSAETEGASASSTSSPK,P30009
DETNYGIPQR,P63245
DEVQEVVYFPAVDHEAESK,Q6AY84
DFLDEYIFLAVGR,A0A0G2K719
DGEPIENEEEDDEK,A0A0G2K0M8
DIEESSMVK,P12839
DLQQYQSQAK,Q4KM74
DLQVNVEHLVQK,Q52KS1
DMSLYASLASEK,F1LRL9
DSPGETDAFGNSEGK,P13264
DTLQSELVGQLYK,O35303
DVDEVSSLLR,D4ACB8
DVDLEFLAK,P46462
EAALTSEEVGADLEQVEVLQK,A0A0G2JZ69
EATDTPIVIQPASATETTQLTADSHPSYHTDGFN,P60905
EAVTFLR,G3V6P2
EDATAGSQAGGGVR,E9PTX9
EELVSNLGTIAR,Q5XHZ0
EIAEAYLGK,P63018
EIQGLFEEDIADK,F1LNK0
EIQSITDESR,D3ZGI9
ELSDQAGSDFENSDVR,D3ZC55
ELSTTLNADEAVTR,F1LRV4
EQAGGDATENFEDVGHSTDAR,P00173
EQLQALNDR,F1LRZ7
EQTEGEYSSLEHESAR,Q68FX0
ESTLHLVLR,F1LU69
ETAEEVSAR,F1LNK0
EVVENEQTAASELDEGK,D3ZDT1
FDDHKGPTITLTQIV,Q6IRF8
FDQLLAEEK,G3V9Y1
FEAPLFNAR,Q66HF1
FEELNMDLFR,P06761
FEGEPTTHTQPGVQLR,B5DFG5
FFDANYDGK,Q66HR2
FLELFLGEFR,Q80Z30
FSNEEIAMATVTALRR,P05065
FTLNPNTTGVQNPHIER,F1LP57
FVINYDYPNSSEDYIHR,Q6AYI1
GAHGIIVVYDVTDQESYANVK,G3V6H0
GDGTISAITEK,P31647
GEATVSFDDPPSAK,Q5PQK2
GGNIGDGGGAADR,P46462
GHLENNPALEK,P19945
GIVEPDTEIK,P97710
GIVLLEELLPK,P84817
GLLSSLDHTSIR,D3ZFQ8
GQTLVVQFTVK,P18418
GTVVTGTLER,P85834
GVDLTEPAQPAR,M0RC99
GVEDSSNTHSEGPR,D3ZFB6
GVEPEEFDR,D3ZB78
HLDHVAALFPGDVDR,G3V6Y6
HLIPAANTGESK,P62260
HYFQNTQGLIFVVDSNDR,A0A0G2JV81
IEEELGEEAR,P07323
IEEVDAQMVR,Q68FY0
IETLDPALIRPGR,P62193
IEVLYEDEGFR,A0A0G2JTW5
IEYDTFGELKVPTDK,P14408
IFSVTNGGQER,G3V9Z3
IIFVVGGPGSGK,P39069
IINDDQSFYADVYLEDGLIK,Q62950
IITEGFEAAK,Q3MHS9
ILVATNLFGR,Q63413
INAANIATDDERDK,Q5M9H4
INFDSNSAYR,F1LM47
IPWFQYPIIYDIR,A0A0G2KB63
IQQEIAVQNPLVSER,B2RYG6
ITLPAGPDILR,M0RCJ9
IVAVTGAEAQK,P50475
KAEGAALSNATGAVESTSQAGDR,Q9Z0W5
KEADPGETSSEAPSETR,F1M084
LASDAGIFFTR,Q5PPJ9
LASQANIAQVLAELK,P62944
LDQLFEMADQYQYQVVLVEPK,P13233
LDVTPLTGVPEEHIK,Q5XIF3
LEAELAAHEPAIQGVLDTGK,A0A0G2JZ69
LEEEGQSLK,P47819
LEGGLPQEPTSR,A0A0G2JSM7
LEHLITELVHQR,M0R9X8
LELSVLYK,B2RYG6
LEPVHNHGELSAI,P47860
LEQEHLLEDIAHVR,F1LRZ7
LEVGTETIIDK,P17425
LGDVYVNDAFGTAHR,P16617
LGESVQDLSSFDEYSSELK,A0A0G2K9J2
LLEAHEEQNSEAYTEAVK,F8WFM2
LLEAHEEQNVDSYTESVK,P54921
LLESQLQSQK,A0A0G2K9X3
LLIHQSLAGGIIGVK,Q5D059
LLIVSNPVDILTYVAWK,P04642
LMDGSEILSLLESAR,G3V874
LNDFASAVR,P11240
LPIGDVATQYFADR,D4AC23
LSEDVEQVK,P61265
LSGPGGSGSFR,G3V8Q2
LSQAEEATVAQAK,F1LPP6
LTEDEEGNPQVR,A0A0G2JZH8
LTESLHEVYEPDWYGR,O08838
LTLYDIAHTPGVAADLSHIETR,P04636
LTSEEVFDMDGIPR,P20651
LVPLLLEDGGDAPAALEAALEEK,M0R9X8
LVRPPVQVYGIEGR,Q06647
LYSESLAR,P50398
MDELQLFR,P46462
MSESLDTADPAVTGAK,P63012
NFEEVAFDEK,P04785
NIDEHANEDVER,Q5RKJ9
NIILEEGK,P45592
NLGSINTELQDVQR,Q4KM74
NNQITNNQR,P16617
NQGGYGGSSSSSSYGSGR,Q6P6G9
NTGLITVQGPVDREDLSTLR,A0A0G2K6T9
NTIVTSYNR,Q9ER34
NVASAGGGIGDGGR,O35303
NVLIFDLGGGTFDVSILTIEDGIFEVK,P63018
NVSLNNLSAAEVTK,D3ZS58
NVTVTDVDIVFSK,D3ZQL7
PITIFQER,M0R590
PSSAEPAPSSK,A0A0G2K1L8
QALNEIETR,P61265
QETEQLVSNLKEENTLLK,A0A0G2K9X3
QFQDAGHFDAENIKK,A0A0G2JZ69
QHSAILAAPNPDEK,P61265
QILELEER,P23565
QRPYSVAVPAFSQGLDDYGAR,Q6GMN2
QVAQQEAQR,A0A0G2KB63
RDLPNALDEK,Q66HA6
REHANIDAQSGSQASNPSATVSPR,A0A0G2JWM2
RGTGGVDTAATGSVFDISNLDR,Q5BJT9
RNLDIERPTYTNLNR,Q6P9V9
SAADSISESVPVGPK,D3ZVQ0
SIPDGTEHGDFLALDLGGTNFR,P05708
SNHEEEVADLLAQIQASHITVER,P12839
SPSDSSTASTPITEQIER,A0A0H2UHL9
SSAIGIENIQEVQEK,F1LV89
SSLLLDTVTSIPSSR,G3V7U2
SSRPDTLLSSEQPLRPGK,G3V7U2
STLMDTLFNTK,A0A0G2JUL7
STSITQTQLSK,P11661
SVDEVFGDVMK,A0A0G2JSJ2
TAAANAAAGAAENAFR,E9PTW1
TAFDEAIAELDTLSEESYKDSTLIMQLLR,A0A0G2JV65
TAPGPGTAQAGDAAR,D4ABK1
TAQEVDTYR,Q6AYI1
TAVAPIER,Q6P9Y4
TEEGPTLSYGR,A0A0G2JSR7
TFTVSSSVSFQVTR,A0A0G2K872
TLAILQIESEK,D4A565
TLANLNPESSLFIIASK,Q6P6V0
TLEVVSPSQSVTGSAGHTPYYQSPTDEK,F1LRL9
TLNPVFNEQFTFK,P21707
TSELNLDQFHDK,P35565
TSETLSQAGQK,F1MAB9
TSVSSVSASPSR,F1LRZ7
TTDTASVQNEAK,G3V624
TTGIVETHFTFK,P59215
TTHYGSLPQK,P02688
TVFGVEPDLTR,Q6Q0N1
VAAAVDLITR,P12785
VAAFLDDLSQK,A0A0G2JVK4
VADYIPQLAK,P13264
VASGAAAEWK,Q66HF1
VASGDLQVQR,A0A140TAA1
VDDDLGTIEGLEEAK,G3V9Y1
VETGILRPGMVVTFAPVNITTEVK,P62632
VFSVNNFQR,A0A0A0MY13
VGIIDDDIFEEDENFLVHLSNVR,M0R3V7
VLAGQEYAAK,P11275
VLDQVETELQR,D4A5X7
VLEDDPEAAYTTR,D3ZZK3
VNVADEVQR,F8WFS9
VNVADILTK,F1M9N9
VPQATAEAK,Q5FVI4
VQESADELQK,P84083
VSNTLESR,G3V7L8
VSTEVDAR,Q9EQS0
VTAIYIDPATHLQK,P12785
VTTVVATLGQGPER,A0A0G2K7W7
VTTVVATPGQGPDRPQEVSYTDTK,A0A0G2JSH4
VTVTNPDTGR,Q63198
VVISASTETPTK,F1M9N9
VVVNFAPTIQEIK,A0A0G2K293
VYVGNASVAQDITQLQK,G3V9L3
WNTDNTLGTEITVEDQLAR,Q9Z2L0
WVPPLIGELYGLR,F1LZC5
WVVIGDENYGEGSSR,Q9ER34
YALNHPDTVEGLVLINIDPNAK,A0A0G2JSU4
YDIEFEDKEMAPEK,D3ZPC4
YESSLYSQEYSKPVVASFNGLSDGSK,F1LRL9
YFNSYTLTGR,Q9JJW3
YGYTHLSAGELLR,A0A0G2JSJ2
YIAIVSTTVETKEPEK,P50399
YQEVTNNLEFAK,A0A0G2K8H0
YSALILGMAYGAK,P29419
AAAELLQSQGSQAGGSQTLK,B5DFG5
AAAPEEETPAK,F1LRZ7
AADLRQDFNLMEQK,F8WFS9
AAGTLYTYPENWR,Q68FR6
AAILQTEVDALR,Q8K3M6
AASLDASEEALWTTR,A0A0G2K7J0
AAVAIQSQFR,Q8CHN7
AAVSHWQQQSYLDSGIHSGATTTAPSLSGK,A0A0G2JT93
ADIAVPLVFTK,Q63560
ADTATTASAASAAASASNASSDAPPFQLGKPR,Q8CFD0
AEQEETEVEDR,O88377
AESLQQEVEALK,D4A8U7
AESLQQEVEALKER,D4A8U7
AFEGQAQSGK,A0A0G2JSJ3
AFFESHPAPSAER,F1M9V7
AHGGYSVFAGVGER,G3V6D3
ALDEGDIALLK,G3V7L6
ALEHFTDLYDIKR,F1M779
ALELDPNLYR,G3V9Y1
ALSQLAEVEEK,B2RYP4
ALYDYEGQEHDELSFK,R9PXU3
AQEEWTTGAWK,A0A0G2K464
AQGVVGPGPHEEQRPYPQGLPGR,G3V984
ATAVMPDGQFK,A0A0G2K3Z9
ATQALVLAPTR,Q6P3V8
AVPPTYADLGK,Q9Z2L0
AVTSEIAVLQSR,Q6P7A7
DDNGVPFVR,P09117
DGSGFLINLIDSPGHVDFSSEVTAALR,P05197
DIPNENELQFQIK,P62944
DLASAQLVQILHR,A0A0G2K1D2
DLNAAEALQR,F1MA36
DLPAATAPAGPASFAR,P85971
DLTSVNILLK,F1MA36
DLTTSSVEK,F1LRL9
DPENFPFVVLGNK,P09527
DPEPPEPLTFR,G3V984
DSETLKPDNFEESGYTFIAPR,Q9ERS3
DTTINEIEDTFR,P50408
DVPWGVDSLITLAFQDQR,P85845
DVTNNVHYENYR,F1LMC7
DYIPVDQEELR,M0R9X8
DYIWNTLNSGR,G3V936
EANHDGDFGITLAELR,P11505
EDINSIEIVGGATR,F7F2F3
EDLRLPEGDLGK,Q3T1J1
EELQANGSAPAADK,P30009
EFGPVVIDYGK,M0R9X8
EGQGFVSEDEYLEISDIK,P32736
EGVLYVGSK,P37377
EIQTLMQFGDTEIK,D3ZC55
ELDDATEANEGLSR,G3V9Y1
ELPSWILMR,D3ZAF6
ELQEQLAQQQVHVEMDVAKPDLTAALR,P47819
ENEMDENLEQVSGIIGNLR,P60881
EQADFAVEALAK,G3V9Y1
ESEPQAAADATEVKESAEEKPK,Q05175
ESYIPTVEDTYR,D3ZHX3
EVDGLDVSK,M0R9X8
EVLGSAASGAR,Q62717
FADLSEAANR,G3V8C3
FDDGAGGDNEVQR,G3V7L6
FEAAETLEEAALR,A0A140TAB3
FFEHFIEGGR,B2RYG6
FFYSQGAQAR,P62024
FLSQIESDR,P05708
FTPGTFTNQIQAAFR,P38983
FYEQFSK,P82995
FYLLVVVGETVTEEHLR,F1LRL9
GFDPSSPVLHELTFQAMSYDLLPIENDVYK,P61765
GFPGYMYTDLATIYER,P62815
GGIVDEGALLR,O08651
GGLSDGEGPPGGR,Q02563
GHQLLSADVDIK,F1LQ81
GHYTIGK,Q6P9V9
GIEQAVQSHAVAEEEAR,A0A0G2JVH4
GIHVEVPGAEAENLGPLQVAR,Q68FU3
GIVYAISPDR,A0A1W2Q6Q2
GLGSDLDSSLASLVGNLGISGTTSK,A0A0G2K0B6
GLIESALNLGR,A0A0G2K6A9
GQEDLILSYEPVTR,Q63622
GRDWNVDLIPK,P50398
GSEGDGQITAILDQK,A0A0G2K6A9
GVAINFVTEEDK,Q5RKI1
GVDLVLNSLAEEK,P12785
GVPQIEVTFDIDANGILNVSAVDK,P63018
GVQVETISSGDGR,Q62658
GYDYGPHFQGVYEATLEGEQGK,P12785
HEALMSDLSAYGSSIQALR,A0A0G2JZ69
HELIEFR,F1M779
HFSVEGQLEFR,P34058
HGYIGEFEIIDDHR,D3ZLL8
HNNLDLVIIR,Q68FX0
HQAFEAELSANQSR,A0A0G2JZ69
HQTNISELK,G3V874
HRDTGILDSIGR,P02688
IDLRPVLGEGVPILASFLR,P97536
IEDLSQQAQLAAAEK,M0R9L0
IEDSQPHIPLIDDTDLEEDAALK,P11506
IEQDGVKPEDK,P07936
IETIEVMEDR,Q6URK4
IIDIIDTTGSGDVNTATEVEPK,Q64560
IIGTQEQLNQR,F1MA36
IKPVFIEDANFGR,Q9ERS3
INESDPEYLR,A0A0G2JW28
INQTVEILK,D3ZDH8
ISGSILNELIGLVR,P97536
ISSVQSIVPALEIANAHR,P63039
ITIPVQTFSNLQIR,P47819
ITSFPESESYSYETTTK,F1LRL9
IVLATDPDADR,D3Z955
IVVVTAGVR,P42123
KADVGFAMGIAGTDVAK,P11506
KGNFNYIEFTR,A0A0G2JSW0
KLETAVNLAWTAGNSNTR,Q9Z2L0
KPGNNEGSGAPSPLSK,Q05140
LAGIQEFQDK,D4ABN3
LDNVMLDSEGHIK,F1LS42
LDNYDAPDIANIAISNELFEEAFAIFR,F1M779
LDPINTTLLK,Q6AYR2
LDSSVVPNTVTEFTITR,F1LQ63
LEAAAAALAAK,Q6P3V9
LFDVGGQR,P59215
LFIGGLSFETTDESLR,Q6P6G9
LGAPENSGISTLER,F1LYQ8
LGVTGAEEQALGSK,O08815
LIADTSTIITEAR,D4A0A1
LIAVIGDEDTVTGFLLGGIGELNK,P50408
LIDLRNEYLQADEATK,Q3ZAU6
LIETYFSK,P60203
LITLEEEMTK,P04785
LLAEQLGFDFFEASAK,Q63941
LLLIQAFRPDR,M0R9X8
LMLLLEVISGER,A0A0G2K5U9
LNIIIVSEGAIDTQNKPITSEK,P47860
LQDETNLR,P47819
LQLLEPFDK,Q9ER34
LQLSEEEAK,A0A0G2K9X3
LSFTSVGSITSGYSQSSQVFGR,P19527
LSQIGVENTEENRR,P09117
LSQLEGVNVER,G3V8A5
LTQQYNELLHSLQSK,G3V836
LVLELSGEMVR,Q641Y2
LWDLTTGTTTR,P63245
MISSYVGENAEFER,B2GV06
MKDTDSEEEIREAFR,P0DP31
MLISSEDVLHSWAVPSLGLK,P00406
MLLYTEVTR,P50398
MTVVQAYINEK,P11505
NFMLDANGELLIR,Q63198
NGQDLGVAFK,Q6IMY8
NIQVDSPYDISR,Q6P7A7
NLLQVDLTK,P68182
NNNQQLAQLQK,P55161
NQEAVQQLLGR,F1MA36
NQWQLSLDDLK,P13233
NVNPNWSVNVK,A0A1W2Q6Q2
QAEIENPLEDPVTGDYVHK,Q2I6B2
QAVDQISSGFFSPK,G3V6Y6
QEAEQLR,P54313
QETEQLVSNLK,A0A0G2K9X3
QFAPIHAEAPEFIEMSVEQEILVTGIK,G3V6D3
QGFVPAAYVK,A0A0G2JZ69
QIQNQLEEMLK,Q6GMN2
QLFHPEQLITGKEDAANNYAR,Q6P9V9
QLQELEDKQNADISAMQDTINK,P19527
QQILHSEEFLIFFDR,G3V792
QTQVSVLPEGGETPLFK,Q68FP1
QVELALWDTAGQEDYDR,P62747
QVQVEGLSGNIK,G3V914
QVVAGTNFFIK,P01041
RDNEVDGQDYHFVVSR,Q62936
RDPLSDFFEVESELGR,P13234
RGFAFVTFDDHDSVDK,Q6P6G9
SAAQAAAQTNSNAAGK,Q6AXS5
SDANTDLIGGSPK,P53987
SGTSEFLNK,A0A0A0MY09
SHFESSTVK,G3V874
SLEDQVETLR,B1WC34
SLLLVDQLIDL,F1LRI7
SNGYEEAYSVFK,P63004
SPVVSGDTSPR,D3ZKD9
SREYQLNDSAAYYLNDLDR,P10824
SSSGLLEWDSK,F1LQ48
STESLQANVQR,D3ZRM9
SVLQAVQK,Q64548
SYQDPSNAQFLESIR,O35987
TDEHVIDQGDDGDNFYVIER,A0A0G2K405
TELEDTLDSTAAQQELR,G3V6P7
TEVNSGFFYK,Q3MHS9
TFDTNSDGTIDFR,P84076
TGENVEDAFLEAAK,B0BMW0
TGPPTTQQPR,P09951
TGPTGGFQAAPHTAGPYSQAAPAR,F1LPB9
TIGGGDDSFNTFFSETGAGKHVPR,Q6P9V9
TINEVETQILTR,D3ZCV0
TIQGDEEDLR,P54921
TIRPMDIEAIEASVMK,A0A0G2KAM3
TLEQQENFEEVAR,O70511
TLNQLGTPQDTPELR,O70257
TPSLPTPPTR,D3ZKD9
TQSVYDDTK,P31596
TSPVEGLPGTAPDLEK,P11506
TTDLLTDWEK,M0R9X8
TVATPLNQVANPNSAIFGGARPR,Q5XI72
TVQTAAANAASTAATSAAQNAFK,A0A0G2K1I6
VALSNMNVIDR,F1M9V7
VDEAIALFQK,Q04462
VDEIVVLSGDNSK,Q5XIW9
VDFSLAGALNAGFK,P47819
VDQEIINIIQER,D4A0T0
VEVEEDGQLK,Q6AYU3
VFTTQELVQAFTHAPAALEADR,B0BN63
VGSLDNVGHLPAGGTVK,A0A0G2JW88
VGVPTETGALTLNR,A0A0G2K642
VIEGSFVYK,P50399
VIQNLANFSK,D3ZCL8
VIQSVSSYTK,D4A0I5
VLATTFDPYLGGR,F7F2F3
VLENAEGAR,F1M953
VQENLLASGVDLVTYITR,Q5FVI6
VQTVQQASK,Q64361
VTSAYLQDIEDAYK,Q561S0
VTSEPEAVSEK,F1LNK0
VVSPWNSEDAK,A0A0G2KAM3
VVTEEVTTTTTTITEK,F1M9N9
WALSQSNPSALR,P46462
WLNTPNTYLR,F8WFS9
YAEIVHLTLPDGTK,P62815
YDEAASYIQSK,P04897
YFETSALKEDVTR,F1LNK0
YGEPSEVFINR,A0A0G2JYN7
YGYTHLSTGDLLR,P39069
YPVNSVNILK,P28480
YTEHSTVGLAQQWDQLDQLGMR,A0A0G2JZ69
YVVVDSGGGTVDLTVHQIR,D3ZC55
YYLNDLDR,D4AE68
AAELQAQWER,F1MA36
AATEGYNILK,Q8VI04
AAYFGIYDTAK,Q09073
ADDPSSYMEVVQAANTSGNWEELVK,F1M779
ADFSEEYK,P13233
AEEEGGSEEEVGDKSPQESK,P12839
AEGQVLVLDGR,Q5RK10
AELAPETTETPVETPETVQATDLSVNPGEDSK,D3ZFB6
AFGYYGPLR,A0A0U1RRV7
AFTDVPSIQIYSSR,Q99JD4
AGTQIENIDEDFRDGLK,A0A0G2K5U9
AGVIQTSTEHSFSK,F1LNK0
AINQQTGAFVEISR,M0R961
ALEIFTYALQYFK,D3ZC55
ALLFIPR,P34058
ANWEAQQR,F1LMC7
AQEADDPAPGSQAR,D4A8L3
AQIQPDEQATQAK,F1LPP6
AQLADSFHLQQFFR,A0A0G2JZ69
AQLEGHTVQSTLQSEEWFR,F1LRZ7
AQYESLAAK,P23565
ASAAFSSVGSVITK,F1MAB9
ASDLDGDLTATR,D3ZUB0
ATENDIYNFFSPLNPVR,A0A0G2JTG7
ATVSGLWGK,P11517
AVAGNISDPGLQK,R9PXU6
AVDEAADALLK,A0A0G2JVH4
AVEEPLNAFK,A0A0G2JTH4
AVFDETYPDPVR,P50475
DAEDAVYGR,D4A9L2
DASLMVTNDGATILK,Q5XIM9
DEADADLINAGK,B2GV06
DEAVYQAIHEGIQR,A0A0G2K7J0
DFPELTMEVDGK,D4A133
DGDVQAGANLSFNR,G3V792
DISTNYYASQK,A0A0A0MY09
DLATDLSLIEVK,F1LNK0
DLELTDLAER,P97685
DNLTLWTSDTQGDEAEAGEGGEN,A0A0G2JV65
DTDPDSKPFSLQETYEAK,A0A0G2JUL7
DVDELPSLQPSVGSPSRPSSSR,G3V6L8
DYSVTANSK,P04642
EASDIILTDDNFTSIVK,P11505
EEQSQITSQVTGQIGWR,A0A140TAH5
EFEGEEEYLEILGITR,Q62813
EGLEETLR,P19527
EGLELPEDEEEKK,P34058
EGPAVVGQFIQDVK,P97536
EIQTAVR,M0R4L7
EIRPALELLEPIEQK,P50399
EKDDAPVADGVEK,P07936
ELEEWYAR,A0A0G2JYW3
ELGSLPLPLSASEQR,A0A0G2JVB6
ELVEADLFAR,Q3ZAU6
ENDAVWLATQNHSTLVTER,A0A0G2K527
EQAAALPPALSHTPEVQGR,F1MA36
ESLTEVSETVAQHK,F1LQN3
ETQALVLAPTR,Q5RKI1
EVSFQTTGDSEWR,O35796
EVYMGNVIQGGEGQAPTR,P17764
EYIEIITSSIK,D3ZUP5
FAGQMGIQLFETSAK,Q5U316
FGQGGAGPVGGQGPR,A0A0G2K8K0
FLVLDEADGLLSQGYSDFINR,Q641Y8
FQDNFEFIQWFK,Q5XIT1
FQNPQAEGVNAVEDEIKK,F1LRI7
FQSEQAAGSVSK,P84817
FYLYPDLSR,P31647
GDFIALDLGGSSFR,P05708
GDLPLNINIQEPR,Q9JHY2
GEIAQAYIGLK,A0A0G2K9X3
GFAFVTFDDHDTVDK,Q6URK4
GFSVVADTPELQR,Q99MZ8
GGEIQPVSVK,P26772
GLEATDDSPK,P50475
GLEILTDMSRPVQLSDR,Q7TPB1
GLGAVILVHAENGDLIAQEQK,Q62950
GLQNSASDLR,Q9QXY2
GLVSSDELAK,A0A0G2JZ69
GPGQDPQAALGALGK,Q04462
GQEEQSPGLEDK,Q64548
GQVLAAAYELQR,F1MA36
GTDFQLNQLQGK,A0A0G2QC06
GTGVPVGQK,G3V964
GVMLAVDAVIAELKK,P63039
GYLISGSSYAR,P97536
HFSGLEEAVYR,D4ACB8
HQVQIDHYLGLANK,F1LQN3
HSAILASPNPDEK,P32851
HTGPNSPDTANDGFVR,A0A0G2JTG7
HTNFVEFR,P62744
IAENVEEVK,P32851
IETSINLAWTAGSNNTR,A0A0G2JSR0
IFQNAPTDPTQDFSTQVAK,D3ZVQ0
IIAPPER,A0A0G2K3K2
IIEETLALK,A0A0G2K9A2
IIQLLDDYPK,P19945
ILQEYQVQYTPQGDSDDGKENQTVHK,P13264
ILSISADIETIGEILKK,Q5D059
ILSSDDYGK,G3V6S0
ILTYPNLQSIVK,REV__D3ZH59
IPLAEWESR,Q68FY0
ISLPLPNFSSLNLR,G3V8C3
IVALPASSALSASK,A0A0A0MY13
IVDDEEYEK,A0A0G2JZK7
IVSAQSLAEDDVE,Q62760
KDDQSPLDIK,F1LNK0
KDPQDMEGEKSPASPFAQTFGTNLEDIK,F1LNK0
KGDAPAAEAEAK,P07936
KGPGPGGPGGAGGAR,Q04940
KPPTFGDASVIALELLNSGYEFDEGSIIFNQFK,Q6PCU0
LAAVTYNGVDNNK,F1LMC7
LALLDNHSSEFNVTR,Q924S5
LAQQISDEASR,D3ZC84
LAYIADHLGFSWTELAR,F1M9N9
LDPGSSELQK,P12785
LEETQTLLR,D4A8U7
LEEVGNQAR,A0A0G2K151
LELADYEAESLAR,D3ZWG2
LESLPAQLPR,F7EYB9
LFEAEEQDLFK,A0A0G2JTH6
LGEWAVVTGGTDGIGK,D3ZPU3
LGLALNFSVFYYEILNSPDR,P62260
LGLGLEFQA,Q9Z2L0
LGSASSSHTNIQESNK,P13234
LGTPQQIAIAR,A0A0G2JT63
LIENVDPEK,A0A0G2K350
LILNYSPR,F1LQ63
LIQSHPESAEDLKEK,A0A0G2JZ69
LLAEPVPGIK,Q9EQX9
LLAVAATAPPDAPNREEVFDER,R9PXU6
LLDAQLATGGIVDPR,A0A0G2K1J5
LLEGEETR,P12839
LLFEELAR,P11980
LLSQEEQTSK,D3ZCL8
LNGTDPEDVIR,A0A0G2JSW0
LNVLANVIR,Q5XI78
LPLQLDDAIRPEVEGEEDGR,P15178
LQLDSPEDAEFIVAK,Q5U2S7
LSSFATSVAEDQSVASLTAPQTEETGK,G3V7U2
LTSEPQPQR,B0BMW0
LVASAEQLLK,O55096
LVLLNMPGPPR,D3ZGI9
LVNTGLLTLR,A0A0G2JVK4
LVSIGAEEIVDGNAK,A0A0G2K5U9
LVTMQIWDTAGQER,P09527
LVTNLSGQLSELK,A0A0G2KAH9
LVTSIGDVVNHDPVVGDR,G3V6Y6
LVVENVDVLTQMR,P55161
LYLGHSYVTAIR,A0A0G2QC06
MEDTEPFSAELLSAMMR,P59215
MEVLATDTVSQQER,Q920Q0
MFAAFPTTK,P01946
MIAAQLLAYYFTELK,P05708
MLDNLGYR,A0A0G2JSM7
MNNGDVDLTNDR,Q63198
MSINAEDVVVGDLVEVK,P06685
MSMKEVDEQMLAIQSK,Q4QRB4
MVEGFFDR,P10860
NATNEQDLANR,A0A0G2JY03
NAVITVPAYFNDSQR,F1M953
NEVNTMLGQSTEELR,A0A0G2K151
NFGIGQDIQPK,F1M013
NFLASQVPFPSR,B0BMW2
NIIHGSDSVESAEK,Q05982
NLHQSGFSLSGAQIDDNIPRR,P47942
NQAEEELIK,F1LMX1
NTEDLTEEWLR,Q63228
NTLLIAGLQAR,Q641Y0
NVDAVEIPDGRPDSGVPSLR,A0A0G2K1U9
PSSPEVSGPDSR,P97710
QAITQVVISR,Q6AYS2
QASALIDRPAPFFER,D4A9L5
QEELTDEEKEIINR,F1LPB9
QFLSETEK,Q00981
QGQYSPMAIEEQVAVIYAGVR,P15999
QGVTEAAEK,A0A0G2JSQ1
QIFLGGVDK,Q09073
QLELDLNDER,A0A0G2K9X3
QLENLEQQK,A0A0G2K9J2
QLHDDYFYHDEL,Q62703
QLQSEQPQTAAAR,A0A0G2K9J2
QVEDDIQQLLK,G3V7L6
QVEELYQSLLELGEK,A0A0G2JZ69
QVHPDTGISSK,M0R4L7
QVKPYVEEGLHPQIIIR,D4AC23
QVLALQSQLADTKK,G3V9Y1
QVLLSAAEAAEVILR,Q5XIM9
QYASYEFVQR,M0R9X8
QYPYNNLYLER,B2RYS8
RLDEELEDAEK,Q6PCT9
RLEAFLTQK,A0A0H2UHI2
RPSPEDDLTDDENGDIQLQAQR,A0A0G2K0B4
RREPLPSLEAVYLITPSEK,P61765
SAAPHPGDIGDFINEGLK,G3V803
SAGPQSQLLASVIAEK,F8WFS9
SATEQSGTGIR,A0A0G2K7K2
SDVENADESSSSILKPLISPAAER,A0A0H2UHB7
SEIPVINLK,Q6RJR6
SEYQPSDAPFER,Q63560
SFRPDFVLIR,G3V733
SGETSQASAIVK,F1M9N9
SIITYVVTYYHYFSK,G3V6S0
SIPLDEGEDEAQR,M0R9X8
SLQEQADAAEER,A0A0G2JSQ4
SLVGFGPPVPAK,Q9QXY2
SPASDTYIVFGEAK,M0R9L0
SQIFSTASDNQPTVTIK,P06761
SQNVMAAASIANIVK,P28480
SQSLTNAFNLPEPAPPRPSLSQDEVK,P09951
SSDEAYAIAK,F1LM47
STAGTTDAGEAAK,D4A4L4
TAESSAVAATK,A9UMV9
TASGSSVTSLEGTR,Q6JE36
TDVDADSWSEIREDDAAFEAR,F1M9N9
TEDGTANAGSDYEFTEGTVIFKPGETQK,M0R3V7
TEIIILATR,P62909
TELTTLEEVLSER,P0C5X8
TFDANGDGTIDFR,Q5PQN0
TGDIFTTETSIDR,A0A0G2K6T9
TGEAIVDAALSALR,A0A0G2JSZ5
THIDTVINALK,D3ZUY8
THSDQFLVSFK,Q6PCU0
TIYTIDGLK,A0A1W2Q6Q2
TKEQVTNVGGAVVTGVTAVAQK,P37377
TPAGLQVLNDYLADK,B5DEN5
TPELTWER,B5DFN2
TSLVIVESTDDQPQVFEK,F1M9N9
TTPDVIFVFGFR,A0A0H2UHH9
TVEEVLGHFGVNESTGLSLEQVK,P11507
TVGIDDLTGEPLIQR,Q6P2A5
TVIEPMASEGLR,P11505
VAEAVATFLIR,Q4FZT2
VAEVLNDPENVEK,A0A140TAB3
VAHSDKPGSTSAVSFR,Q9Z270
VDATEQTDLAK,G3V6T7
VDDNEETIKK,P39069
VDEFVTGNLSFDQINK,Q7TQ90
VDFEFDYDGPLMK,P50554
VDQPPEAK,Q66HA8
VDTWFNQPAR,D3ZRM9
VENNDLVIAR,B5DFE0
VESLEEEIQFLR,P47819
VGFGNLEDEFWLGLDNIHR,F1LQ63
VIESTQDLGNDLAGVMALQR,G3V6S0
VIILSASEDDAATVYR,Q62648
VLDTAWDGTQSK,F1MA36
VLESDLVMNVYR,P12785
VLLPEYGGTK,P26772
VLPSAFNIPNR,F1M3W5
VLTTTALSTVSSGAQR,Q99JD4
VNLFSDR,P01830
VNPIQGFSAK,P10888
VQGGALEESR,D4AC23
VQYTLPDGSTLDVGPAR,B2RYJ7
VSELHQEVK,Q9Z0W5
VTGTLDANR,P85845
VTSAVEALLSADSASR,D3ZVQ0
VTSAYLQDIEDAYKK,Q561S0
VVAGVASALAHK,P02091
VVDDWANDGWGLK,P35565
VVLIGDSGVGK,A0A0G2JZR4
VVYTGIYDTEGVAPTK,Q5M7A7
VYPANEVTLLDSR,D3ZZK3
WEVLIGSTHILTPQK,P61765
WFTDTSIILFLNK,P10824
YAIAVNDLGTEYVHR,P13264
YASENVNK,Q6NYB7
YGHGVSEEDK,Q63198
YGVSGYPTLK,A0A0H2UHM5
YIAIASTTVETAEPEKEVEPALELLEPIDQK,P50398
YQGVNLYVK,Q9EPH8
YSQTGNYELAVALSR,Q641Y0
YTALVDAEEKEDVK,P31399
YVDLMESSIAQSIHR,Q62717
YVVGQTPVYVPYEIR,P97685